raw,reason,candidates,hint,sources,meet_keys,seen_at_areas,school_key_decision,notes
Bay School o,truncated to a one-letter tail; prefix too weak to match,,,hytek|moc_program,2022-moc|2023-moc|2024-moc|2025-moc|2026-moc,,,
California C,truncated to a one-letter tail; prefix too weak to match,,,hytek|moc_program,2026-moc,,,
California S,truncated to a one-letter tail; prefix too weak to match,,,hytek|moc_program,2022-moc|2024-moc|2025-moc,,,
El Molino,no canonical school fits,,,hytek,2019-moc,,,
Jfk(Frem),no canonical school fits,,,hytek|moc_program,2026-moc,,,
John F. Kenn,ambiguous (prefix): 2 candidates,John F. Kennedy (Fremont)|John F. Kennedy (Richmond),,hytek,2019-moc|2024-area-bay-shore,bay-shore,,
John Swett,no canonical school fits,,,hytek|moc_program,2022-moc,,,
Kennedy (Fre.),no canonical school fits,,,hytek,2024-area-bay-shore,bay-shore,,
Kennedy (Fremont),no canonical school fits,,,hytek,2024-area-bay-shore,bay-shore,,
Kennedy (Joh,no canonical school fits,,,hytek|moc_program,2023-moc,,,
Kennedy-Fremont,no canonical school fits,,,hytek|moc_program,2022-moc|2024-moc|2025-moc,,,
Kennedy-Fremont (Nc),no canonical school fits,,,hytek,2024-moc,,,
Kennedy-Richmond,no canonical school fits,,,hytek|moc_program,2019-moc|2023-moc,,,
Kennedy-Richmond (Nc),no canonical school fits,,,hytek,2023-moc,,,
Pinole,no canonical school fits,,,hytek|moc_program,2022-moc|2023-moc|2024-moc|2025-moc,,,
Rincon Valle,no canonical school fits,,,hytek,2019-moc,,,
Roseland Uni,no canonical school fits,,,hytek|moc_program,2022-moc,,,
Sir Francis,no canonical school fits,,possibly former name of Archie Williams (unconfirmed),hytek,2019-moc,,,
Sir Francis Drake,no canonical school fits,,possibly former name of Archie Williams (unconfirmed),hytek,2019-moc,,,
Southern Tri,no canonical school fits,,,hytek|moc_program,2024-moc,,,
St Bernard C,truncated to a one-letter tail; prefix too weak to match,,,hytek|moc_program,2019-moc|2022-moc|2023-moc|2024-moc,,,
St Patrick/S,truncated to a one-letter tail; prefix too weak to match,,,hytek,2024-area-bay-shore,bay-shore,,
St. Joseph N,truncated to a one-letter tail; prefix too weak to match,,,hytek|moc_program,2019-moc|2022-moc,,,
St. Marys (Nc),no canonical school fits,,,hytek,2022-moc|2023-moc|2024-moc|2025-moc|2026-moc,,,
Tech HS,no canonical school fits,,,hytek|moc_program,2023-moc,,,
Tennyson,no canonical school fits,,,hytek|moc_program,2022-moc|2023-moc|2024-area-bay-shore|2024-moc,bay-shore,,
University-SF,no canonical school fits,,possibly San Francisco University (unconfirmed),hytek|moc_program,2023-moc|2024-moc,,,
University-SF (Nc),no canonical school fits,,possibly San Francisco University (unconfirmed),hytek,2022-moc|2023-moc|2024-moc,,,
Urban,no canonical school fits,,,hytek,2019-moc,,,
Urban-SF (Nc),no canonical school fits,,,hytek|moc_program,2022-moc|2023-moc|2024-moc|2025-moc|2026-moc,,,
West County,no canonical school fits,,possible rename of Analy (unconfirmed),hytek|moc_program,2022-moc,,,
West County (Nc),no canonical school fits,,possible rename of Analy (unconfirmed),hytek,2022-moc,,,
