season,event_group,area,comparison_group,places_compared,competed,made_final,made_final_rate,with_moc_place,median_moc_place
2022,sprints_hurdles,tri-valley,lowest_automatic,5|6,14,4.0,0.2857,14,11.0
2022,sprints_hurdles,tri-valley,at_large_other_areas,,4,,,4,
2022,sprints_hurdles,bay-shore,lowest_automatic,5|6,15,0.0,0.0,15,18.0
2022,sprints_hurdles,bay-shore,at_large_other_areas,,22,3.0,0.1364,22,14.5
2022,sprints_hurdles,redwood-empire,lowest_automatic,5|6,13,0.0,0.0,12,20.0
2022,sprints_hurdles,redwood-empire,at_large_other_areas,,24,3.0,0.125,24,14.0
2022,sprints_hurdles,class-a,lowest_automatic,3,7,0.0,0.0,7,19.0
2022,sprints_hurdles,class-a,at_large_other_areas,,25,3.0,0.12,25,14.0
2022,400_800,tri-valley,lowest_automatic,5|6,8,4.0,0.5,8,9.5
2022,400_800,tri-valley,at_large_other_areas,,1,,,1,
2022,400_800,bay-shore,lowest_automatic,5|6,6,0.0,0.0,5,16.0
2022,400_800,bay-shore,at_large_other_areas,,12,4.0,0.3333,12,9.5
2022,400_800,redwood-empire,lowest_automatic,5|6,7,0.0,0.0,7,19.0
2022,400_800,redwood-empire,at_large_other_areas,,11,4.0,0.3636,11,9.0
2022,400_800,class-a,lowest_automatic,3,3,,,3,
2022,400_800,class-a,at_large_other_areas,,12,4.0,0.3333,12,9.5
2022,distance,tri-valley,lowest_automatic,5|6,8,1.0,0.125,8,11.5
2022,distance,tri-valley,at_large_other_areas,,3,,,2,
2022,distance,bay-shore,lowest_automatic,5|6,6,0.0,0.0,6,18.0
2022,distance,bay-shore,at_large_other_areas,,11,3.0,0.2727,10,12.0
2022,distance,redwood-empire,lowest_automatic,5|6,8,0.0,0.0,8,18.5
2022,distance,redwood-empire,at_large_other_areas,,10,3.0,0.3,10,12.0
2022,distance,class-a,lowest_automatic,3,3,,,3,
2022,distance,class-a,at_large_other_areas,,9,3.0,0.3333,8,11.0
2022,jumps,tri-valley,lowest_automatic,5|6,14,2.0,0.1429,12,14.5
2022,jumps,tri-valley,at_large_other_areas,,11,2.0,0.1818,11,16.0
2022,jumps,bay-shore,lowest_automatic,5|6,15,2.0,0.1333,11,19.0
2022,jumps,bay-shore,at_large_other_areas,,23,7.0,0.3043,19,9.0
2022,jumps,redwood-empire,lowest_automatic,5|6,11,4.0,0.3636,11,12.0
2022,jumps,redwood-empire,at_large_other_areas,,21,5.0,0.2381,17,12.0
2022,jumps,class-a,lowest_automatic,3,6,0.0,0.0,6,15.5
2022,jumps,class-a,at_large_other_areas,,26,7.0,0.2692,22,11.0
2022,throws,tri-valley,lowest_automatic,5|6,7,3.0,0.4286,7,10.0
2022,throws,tri-valley,at_large_other_areas,,5,2.0,0.4,5,15.0
2022,throws,bay-shore,lowest_automatic,5|6,6,0.0,0.0,5,21.0
2022,throws,bay-shore,at_large_other_areas,,11,5.0,0.4545,11,14.0
2022,throws,redwood-empire,lowest_automatic,5|6,8,2.0,0.25,8,12.0
2022,throws,redwood-empire,at_large_other_areas,,6,3.0,0.5,6,10.0
2022,throws,class-a,lowest_automatic,3,3,,,3,
2022,throws,class-a,at_large_other_areas,,11,5.0,0.4545,11,14.0
2022,relays,tri-valley,lowest_automatic,5|6,7,3.0,0.4286,7,9.0
2022,relays,tri-valley,at_large_other_areas,,3,,,3,
2022,relays,bay-shore,lowest_automatic,5|6,8,0.0,0.0,7,17.0
2022,relays,bay-shore,at_large_other_areas,,9,1.0,0.1111,8,14.5
2022,relays,redwood-empire,lowest_automatic,5|6,7,0.0,0.0,6,17.0
2022,relays,redwood-empire,at_large_other_areas,,12,1.0,0.0833,11,15.0
2022,relays,class-a,lowest_automatic,3,4,,,4,
2022,relays,class-a,at_large_other_areas,,12,1.0,0.0833,11,15.0
2022,all,tri-valley,lowest_automatic,5|6,58,17.0,0.2931,56,11.5
2022,all,tri-valley,at_large_other_areas,,27,4.0,0.1481,26,14.5
2022,all,bay-shore,lowest_automatic,5|6,56,2.0,0.0357,49,18.0
2022,all,bay-shore,at_large_other_areas,,88,23.0,0.2614,82,12.0
2022,all,redwood-empire,lowest_automatic,5|6,54,6.0,0.1111,52,15.0
2022,all,redwood-empire,at_large_other_areas,,84,19.0,0.2262,79,13.0
2022,all,class-a,lowest_automatic,3,26,1.0,0.0385,26,18.5
2022,all,class-a,at_large_other_areas,,95,23.0,0.2421,89,13.0
2023,sprints_hurdles,tri-valley,lowest_automatic,5|6,16,6.0,0.375,16,9.5
2023,sprints_hurdles,tri-valley,at_large_other_areas,,3,,,3,
2023,sprints_hurdles,bay-shore,lowest_automatic,5|6,13,1.0,0.0769,13,20.0
2023,sprints_hurdles,bay-shore,at_large_other_areas,,25,1.0,0.04,24,16.0
2023,sprints_hurdles,redwood-empire,lowest_automatic,5|6,15,1.0,0.0667,14,16.0
2023,sprints_hurdles,redwood-empire,at_large_other_areas,,23,1.0,0.0435,22,16.5
2023,sprints_hurdles,class-a,lowest_automatic,3,7,0.0,0.0,7,22.0
2023,sprints_hurdles,class-a,at_large_other_areas,,24,1.0,0.0417,23,16.0
2023,400_800,tri-valley,lowest_automatic,5|6,6,4.0,0.6667,6,8.0
2023,400_800,tri-valley,at_large_other_areas,,2,,,2,
2023,400_800,bay-shore,lowest_automatic,5|6,6,0.0,0.0,6,14.0
2023,400_800,bay-shore,at_large_other_areas,,12,0.0,0.0,12,15.5
2023,400_800,redwood-empire,lowest_automatic,5|6,8,0.0,0.0,8,19.5
2023,400_800,redwood-empire,at_large_other_areas,,13,0.0,0.0,13,16.0
2023,400_800,class-a,lowest_automatic,3,3,,,3,
2023,400_800,class-a,at_large_other_areas,,12,0.0,0.0,12,16.5
2023,distance,tri-valley,lowest_automatic,5|6,5,3.0,0.6,5,8.0
2023,distance,tri-valley,at_large_other_areas,,2,,,2,
2023,distance,bay-shore,lowest_automatic,5|6,8,0.0,0.0,8,20.0
2023,distance,bay-shore,at_large_other_areas,,16,0.0,0.0,16,17.5
2023,distance,redwood-empire,lowest_automatic,5|6,8,0.0,0.0,8,17.5
2023,distance,redwood-empire,at_large_other_areas,,16,0.0,0.0,16,17.5
2023,distance,class-a,lowest_automatic,3,3,,,3,
2023,distance,class-a,at_large_other_areas,,14,0.0,0.0,14,17.5
2023,jumps,tri-valley,lowest_automatic,5|6,15,4.0,0.2667,13,14.0
2023,jumps,tri-valley,at_large_other_areas,,23,3.0,0.1304,22,15.5
2023,jumps,bay-shore,lowest_automatic,5|6,11,2.0,0.1818,7,18.0
2023,jumps,bay-shore,at_large_other_areas,,17,2.0,0.1176,16,15.5
2023,jumps,redwood-empire,lowest_automatic,5|6,15,1.0,0.0667,15,14.0
2023,jumps,redwood-empire,at_large_other_areas,,16,1.0,0.0625,14,17.0
2023,jumps,class-a,lowest_automatic,3,6,0.0,0.0,4,19.5
2023,jumps,class-a,at_large_other_areas,,28,3.0,0.1071,26,16.0
2023,throws,tri-valley,lowest_automatic,5|6,8,4.0,0.5,8,9.5
2023,throws,tri-valley,at_large_other_areas,,6,1.0,0.1667,6,19.0
2023,throws,bay-shore,lowest_automatic,5|6,6,0.0,0.0,6,18.0
2023,throws,bay-shore,at_large_other_areas,,10,3.0,0.3,10,18.5
2023,throws,redwood-empire,lowest_automatic,5|6,7,3.0,0.4286,7,10.0
2023,throws,redwood-empire,at_large_other_areas,,4,,,4,
2023,throws,class-a,lowest_automatic,3,2,,,1,
2023,throws,class-a,at_large_other_areas,,10,3.0,0.3,10,18.5
2023,relays,tri-valley,lowest_automatic,5|6,8,3.0,0.375,7,9.0
2023,relays,tri-valley,at_large_other_areas,,0,,,0,
2023,relays,bay-shore,lowest_automatic,5|6,7,1.0,0.1429,7,21.0
2023,relays,bay-shore,at_large_other_areas,,12,0.0,0.0,10,12.5
2023,relays,redwood-empire,lowest_automatic,5|6,8,0.0,0.0,8,19.0
2023,relays,redwood-empire,at_large_other_areas,,12,0.0,0.0,10,12.5
2023,relays,class-a,lowest_automatic,3,3,,,3,
2023,relays,class-a,at_large_other_areas,,12,0.0,0.0,10,12.5
2023,all,tri-valley,lowest_automatic,5|6,58,24.0,0.4138,55,10.0
2023,all,tri-valley,at_large_other_areas,,36,4.0,0.1111,35,16.0
2023,all,bay-shore,lowest_automatic,5|6,51,4.0,0.0784,47,19.0
2023,all,bay-shore,at_large_other_areas,,92,6.0,0.0652,88,16.0
2023,all,redwood-empire,lowest_automatic,5|6,61,5.0,0.082,60,17.0
2023,all,redwood-empire,at_large_other_areas,,84,4.0,0.0476,79,16.0
2023,all,class-a,lowest_automatic,3,24,0.0,0.0,21,21.0
2023,all,class-a,at_large_other_areas,,100,7.0,0.07,95,16.0
2024,sprints_hurdles,tri-valley,lowest_automatic,5|6,16,8.0,0.5,15,8.0
2024,sprints_hurdles,tri-valley,at_large_other_areas,,5,0.0,0.0,5,17.0
2024,sprints_hurdles,bay-shore,lowest_automatic,5|6,16,2.0,0.125,16,15.5
2024,sprints_hurdles,bay-shore,at_large_other_areas,,27,2.0,0.0741,27,15.0
2024,sprints_hurdles,redwood-empire,lowest_automatic,5|6,15,0.0,0.0,15,19.0
2024,sprints_hurdles,redwood-empire,at_large_other_areas,,30,2.0,0.0667,30,15.5
2024,sprints_hurdles,class-a,lowest_automatic,3,8,1.0,0.125,7,20.0
2024,sprints_hurdles,class-a,at_large_other_areas,,28,2.0,0.0714,28,15.5
2024,400_800,tri-valley,lowest_automatic,5|6,8,5.0,0.625,8,5.5
2024,400_800,tri-valley,at_large_other_areas,,4,,,4,
2024,400_800,bay-shore,lowest_automatic,5|6,7,0.0,0.0,7,21.0
2024,400_800,bay-shore,at_large_other_areas,,18,2.0,0.1111,17,16.0
2024,400_800,redwood-empire,lowest_automatic,5|6,5,0.0,0.0,5,22.0
2024,400_800,redwood-empire,at_large_other_areas,,18,2.0,0.1111,17,16.0
2024,400_800,class-a,lowest_automatic,3,3,,,3,
2024,400_800,class-a,at_large_other_areas,,14,2.0,0.1429,13,14.0
2024,distance,tri-valley,lowest_automatic,5|6,6,2.0,0.3333,6,9.5
2024,distance,tri-valley,at_large_other_areas,,3,,,3,
2024,distance,bay-shore,lowest_automatic,5|6,7,1.0,0.1429,7,22.0
2024,distance,bay-shore,at_large_other_areas,,17,4.0,0.2353,17,14.0
2024,distance,redwood-empire,lowest_automatic,5|6,7,0.0,0.0,7,21.0
2024,distance,redwood-empire,at_large_other_areas,,18,4.0,0.2222,18,14.0
2024,distance,class-a,lowest_automatic,3,4,,,4,
2024,distance,class-a,at_large_other_areas,,16,4.0,0.25,16,14.0
2024,jumps,tri-valley,lowest_automatic,5|6,15,9.0,0.6,15,9.0
2024,jumps,tri-valley,at_large_other_areas,,14,1.0,0.0714,14,16.5
2024,jumps,bay-shore,lowest_automatic,5|6,13,3.0,0.2308,12,13.5
2024,jumps,bay-shore,at_large_other_areas,,17,1.0,0.0588,16,14.0
2024,jumps,redwood-empire,lowest_automatic,5|6,11,1.0,0.0909,10,17.0
2024,jumps,redwood-empire,at_large_other_areas,,23,2.0,0.087,22,14.5
2024,jumps,class-a,lowest_automatic,3,6,0.0,0.0,5,18.0
2024,jumps,class-a,at_large_other_areas,,27,2.0,0.0741,26,15.0
2024,throws,tri-valley,lowest_automatic,5|6,8,4.0,0.5,8,10.5
2024,throws,tri-valley,at_large_other_areas,,7,1.0,0.1429,7,16.0
2024,throws,bay-shore,lowest_automatic,5|6,7,1.0,0.1429,7,18.0
2024,throws,bay-shore,at_large_other_areas,,10,1.0,0.1,10,15.5
2024,throws,redwood-empire,lowest_automatic,5|6,8,1.0,0.125,8,14.0
2024,throws,redwood-empire,at_large_other_areas,,5,0.0,0.0,5,16.0
2024,throws,class-a,lowest_automatic,3,4,,,4,
2024,throws,class-a,at_large_other_areas,,11,1.0,0.0909,11,16.0
2024,relays,tri-valley,lowest_automatic,5|6,8,2.0,0.25,8,9.0
2024,relays,tri-valley,at_large_other_areas,,1,,,1,
2024,relays,bay-shore,lowest_automatic,5|6,7,0.0,0.0,6,20.0
2024,relays,bay-shore,at_large_other_areas,,11,2.0,0.1818,11,14.0
2024,relays,redwood-empire,lowest_automatic,5|6,8,0.0,0.0,7,21.0
2024,relays,redwood-empire,at_large_other_areas,,12,2.0,0.1667,12,14.0
2024,relays,class-a,lowest_automatic,3,3,,,3,
2024,relays,class-a,at_large_other_areas,,12,2.0,0.1667,12,14.0
2024,all,tri-valley,lowest_automatic,5|6,61,30.0,0.4918,60,9.0
2024,all,tri-valley,at_large_other_areas,,34,2.0,0.0588,34,17.0
2024,all,bay-shore,lowest_automatic,5|6,57,7.0,0.1228,55,18.0
2024,all,bay-shore,at_large_other_areas,,100,12.0,0.12,98,14.5
2024,all,redwood-empire,lowest_automatic,5|6,54,2.0,0.037,52,19.5
2024,all,redwood-empire,at_large_other_areas,,106,12.0,0.1132,104,15.0
2024,all,class-a,lowest_automatic,3,28,3.0,0.1071,26,17.0
2024,all,class-a,at_large_other_areas,,108,13.0,0.1204,106,15.0
2025,sprints_hurdles,tri-valley,lowest_automatic,5|6,14,5.0,0.3571,14,10.0
2025,sprints_hurdles,tri-valley,at_large_other_areas,,7,0.0,0.0,7,21.0
2025,sprints_hurdles,bay-shore,lowest_automatic,5|6,16,2.0,0.125,15,18.0
2025,sprints_hurdles,bay-shore,at_large_other_areas,,34,1.0,0.0294,32,16.5
2025,sprints_hurdles,redwood-empire,lowest_automatic,5|6,13,0.0,0.0,13,21.0
2025,sprints_hurdles,redwood-empire,at_large_other_areas,,34,1.0,0.0294,32,16.5
2025,sprints_hurdles,class-a,lowest_automatic,3,8,0.0,0.0,8,20.0
2025,sprints_hurdles,class-a,at_large_other_areas,,33,1.0,0.0303,31,16.0
2025,400_800,tri-valley,lowest_automatic,5|6,7,2.0,0.2857,7,9.0
2025,400_800,tri-valley,at_large_other_areas,,3,,,3,
2025,400_800,bay-shore,lowest_automatic,5|6,8,2.0,0.25,8,18.0
2025,400_800,bay-shore,at_large_other_areas,,11,0.0,0.0,10,14.0
2025,400_800,redwood-empire,lowest_automatic,5|6,6,0.0,0.0,5,16.0
2025,400_800,redwood-empire,at_large_other_areas,,10,0.0,0.0,9,14.0
2025,400_800,class-a,lowest_automatic,3,3,,,2,
2025,400_800,class-a,at_large_other_areas,,9,0.0,0.0,8,14.0
2025,distance,tri-valley,lowest_automatic,5|6,7,1.0,0.1429,7,16.0
2025,distance,tri-valley,at_large_other_areas,,6,0.0,0.0,6,14.5
2025,distance,bay-shore,lowest_automatic,5|6,8,0.0,0.0,8,19.5
2025,distance,bay-shore,at_large_other_areas,,12,0.0,0.0,12,17.0
2025,distance,redwood-empire,lowest_automatic,5|6,7,2.0,0.2857,7,10.0
2025,distance,redwood-empire,at_large_other_areas,,6,0.0,0.0,6,17.0
2025,distance,class-a,lowest_automatic,3,4,,,4,
2025,distance,class-a,at_large_other_areas,,12,0.0,0.0,12,17.0
2025,jumps,tri-valley,lowest_automatic,5|6,13,4.0,0.3077,11,9.0
2025,jumps,tri-valley,at_large_other_areas,,4,,,4,
2025,jumps,bay-shore,lowest_automatic,5|6,14,4.0,0.2857,10,10.0
2025,jumps,bay-shore,at_large_other_areas,,25,4.0,0.16,20,14.0
2025,jumps,redwood-empire,lowest_automatic,5|6,15,0.0,0.0,14,15.0
2025,jumps,redwood-empire,at_large_other_areas,,26,5.0,0.1923,21,15.0
2025,jumps,class-a,lowest_automatic,3,4,,,3,
2025,jumps,class-a,at_large_other_areas,,26,5.0,0.1923,21,15.0
2025,throws,tri-valley,lowest_automatic,5|6,8,0.0,0.0,8,13.0
2025,throws,tri-valley,at_large_other_areas,,4,,,4,
2025,throws,bay-shore,lowest_automatic,5|6,8,0.0,0.0,8,21.0
2025,throws,bay-shore,at_large_other_areas,,12,2.0,0.1667,12,17.0
2025,throws,redwood-empire,lowest_automatic,5|6,8,1.0,0.125,8,16.5
2025,throws,redwood-empire,at_large_other_areas,,8,2.0,0.25,8,14.0
2025,throws,class-a,lowest_automatic,3,4,,,4,
2025,throws,class-a,at_large_other_areas,,12,2.0,0.1667,12,17.0
2025,relays,tri-valley,lowest_automatic,5|6,8,4.0,0.5,8,8.5
2025,relays,tri-valley,at_large_other_areas,,2,,,1,
2025,relays,bay-shore,lowest_automatic,5|6,7,0.0,0.0,7,17.0
2025,relays,bay-shore,at_large_other_areas,,11,2.0,0.1818,10,11.5
2025,relays,redwood-empire,lowest_automatic,5|6,6,0.0,0.0,6,21.0
2025,relays,redwood-empire,at_large_other_areas,,12,2.0,0.1667,11,12.0
2025,relays,class-a,lowest_automatic,3,3,,,3,
2025,relays,class-a,at_large_other_areas,,11,2.0,0.1818,11,12.0
2025,all,tri-valley,lowest_automatic,5|6,57,16.0,0.2807,55,11.0
2025,all,tri-valley,at_large_other_areas,,26,1.0,0.0385,25,16.0
2025,all,bay-shore,lowest_automatic,5|6,61,8.0,0.1311,56,18.5
2025,all,bay-shore,at_large_other_areas,,105,9.0,0.0857,96,15.5
2025,all,redwood-empire,lowest_automatic,5|6,55,3.0,0.0545,53,18.0
2025,all,redwood-empire,at_large_other_areas,,96,10.0,0.1042,87,15.0
2025,all,class-a,lowest_automatic,3,26,2.0,0.0769,24,17.0
2025,all,class-a,at_large_other_areas,,103,10.0,0.0971,95,16.0
2026,sprints_hurdles,tri-valley,lowest_automatic,5|6,14,6.0,0.4286,13,10.0
2026,sprints_hurdles,tri-valley,at_large_other_areas,,7,0.0,0.0,7,15.0
2026,sprints_hurdles,bay-shore,lowest_automatic,5|6,16,3.0,0.1875,15,17.0
2026,sprints_hurdles,bay-shore,at_large_other_areas,,32,2.0,0.0625,32,17.0
2026,sprints_hurdles,redwood-empire,lowest_automatic,5|6,15,0.0,0.0,13,21.0
2026,sprints_hurdles,redwood-empire,at_large_other_areas,,38,2.0,0.0526,38,16.5
2026,sprints_hurdles,class-a,lowest_automatic,3,7,0.0,0.0,7,22.0
2026,sprints_hurdles,class-a,at_large_other_areas,,37,2.0,0.0541,37,16.0
2026,400_800,tri-valley,lowest_automatic,5|6,7,3.0,0.4286,7,9.0
2026,400_800,tri-valley,at_large_other_areas,,3,,,3,
2026,400_800,bay-shore,lowest_automatic,5|6,8,0.0,0.0,8,21.5
2026,400_800,bay-shore,at_large_other_areas,,16,2.0,0.125,16,17.5
2026,400_800,redwood-empire,lowest_automatic,5|6,7,1.0,0.1429,7,15.0
2026,400_800,redwood-empire,at_large_other_areas,,13,2.0,0.1538,13,16.0
2026,400_800,class-a,lowest_automatic,3,3,,,3,
2026,400_800,class-a,at_large_other_areas,,16,2.0,0.125,16,17.5
2026,distance,tri-valley,lowest_automatic,5|6,8,1.0,0.125,8,11.5
2026,distance,tri-valley,at_large_other_areas,,7,1.0,0.1429,7,15.0
2026,distance,bay-shore,lowest_automatic,5|6,8,1.0,0.125,8,21.5
2026,distance,bay-shore,at_large_other_areas,,17,3.0,0.1765,17,18.0
2026,distance,redwood-empire,lowest_automatic,5|6,7,1.0,0.1429,7,14.0
2026,distance,redwood-empire,at_large_other_areas,,16,2.0,0.125,16,18.0
2026,distance,class-a,lowest_automatic,3,3,,,2,
2026,distance,class-a,at_large_other_areas,,17,3.0,0.1765,17,18.0
2026,jumps,tri-valley,lowest_automatic,5|6,15,4.0,0.2667,11,11.0
2026,jumps,tri-valley,at_large_other_areas,,12,0.0,0.0,10,14.0
2026,jumps,bay-shore,lowest_automatic,5|6,13,0.0,0.0,13,17.0
2026,jumps,bay-shore,at_large_other_areas,,27,4.0,0.1481,23,14.0
2026,jumps,redwood-empire,lowest_automatic,5|6,13,2.0,0.1538,13,13.0
2026,jumps,redwood-empire,at_large_other_areas,,24,4.0,0.1667,22,14.0
2026,jumps,class-a,lowest_automatic,3,7,0.0,0.0,5,20.0
2026,jumps,class-a,at_large_other_areas,,30,4.0,0.1333,26,13.5
2026,throws,tri-valley,lowest_automatic,5|6,8,3.0,0.375,8,11.5
2026,throws,tri-valley,at_large_other_areas,,4,,,4,
2026,throws,bay-shore,lowest_automatic,5|6,8,0.0,0.0,7,16.0
2026,throws,bay-shore,at_large_other_areas,,9,0.0,0.0,9,20.0
2026,throws,redwood-empire,lowest_automatic,5|6,7,1.0,0.1429,7,15.0
2026,throws,redwood-empire,at_large_other_areas,,9,0.0,0.0,9,20.0
2026,throws,class-a,lowest_automatic,3,4,,,4,
2026,throws,class-a,at_large_other_areas,,11,0.0,0.0,11,18.0
2026,relays,tri-valley,lowest_automatic,5|6,7,2.0,0.2857,6,8.5
2026,relays,tri-valley,at_large_other_areas,,1,,,1,
2026,relays,bay-shore,lowest_automatic,5|6,7,0.0,0.0,7,21.0
2026,relays,bay-shore,at_large_other_areas,,12,4.0,0.3333,12,14.5
2026,relays,redwood-empire,lowest_automatic,5|6,7,1.0,0.1429,7,14.0
2026,relays,redwood-empire,at_large_other_areas,,11,4.0,0.3636,11,14.0
2026,relays,class-a,lowest_automatic,3,4,,,4,
2026,relays,class-a,at_large_other_areas,,12,4.0,0.3333,12,14.5
2026,all,tri-valley,lowest_automatic,5|6,59,19.0,0.322,53,10.0
2026,all,tri-valley,at_large_other_areas,,34,1.0,0.0294,32,15.0
2026,all,bay-shore,lowest_automatic,5|6,60,4.0,0.0667,58,19.0
2026,all,bay-shore,at_large_other_areas,,113,15.0,0.1327,109,16.0
2026,all,redwood-empire,lowest_automatic,5|6,56,6.0,0.1071,54,15.0
2026,all,redwood-empire,at_large_other_areas,,111,14.0,0.1261,109,16.0
2026,all,class-a,lowest_automatic,3,28,1.0,0.0357,25,21.0
2026,all,class-a,at_large_other_areas,,123,15.0,0.122,119,15.0
2022-2026 pooled,sprints_hurdles,tri-valley,lowest_automatic,5|6,74,29.0,0.3919,72,9.0
2022-2026 pooled,sprints_hurdles,tri-valley,at_large_other_areas,,26,0.0,0.0,26,15.0
2022-2026 pooled,sprints_hurdles,bay-shore,lowest_automatic,5|6,76,8.0,0.1053,74,18.0
2022-2026 pooled,sprints_hurdles,bay-shore,at_large_other_areas,,140,9.0,0.0643,137,16.0
2022-2026 pooled,sprints_hurdles,redwood-empire,lowest_automatic,5|6,71,1.0,0.0141,67,20.0
2022-2026 pooled,sprints_hurdles,redwood-empire,at_large_other_areas,,149,9.0,0.0604,146,16.0
2022-2026 pooled,sprints_hurdles,class-a,lowest_automatic,3,37,1.0,0.027,36,20.0
2022-2026 pooled,sprints_hurdles,class-a,at_large_other_areas,,147,9.0,0.0612,144,16.0
2022-2026 pooled,400_800,tri-valley,lowest_automatic,5|6,36,18.0,0.5,36,8.0
2022-2026 pooled,400_800,tri-valley,at_large_other_areas,,13,0.0,0.0,13,20.0
2022-2026 pooled,400_800,bay-shore,lowest_automatic,5|6,35,2.0,0.0571,34,19.5
2022-2026 pooled,400_800,bay-shore,at_large_other_areas,,69,8.0,0.1159,67,15.0
2022-2026 pooled,400_800,redwood-empire,lowest_automatic,5|6,33,1.0,0.0303,32,19.0
2022-2026 pooled,400_800,redwood-empire,at_large_other_areas,,65,8.0,0.1231,63,15.0
2022-2026 pooled,400_800,class-a,lowest_automatic,3,15,2.0,0.1333,14,20.0
2022-2026 pooled,400_800,class-a,at_large_other_areas,,63,8.0,0.127,61,15.0
2022-2026 pooled,distance,tri-valley,lowest_automatic,5|6,34,8.0,0.2353,34,11.0
2022-2026 pooled,distance,tri-valley,at_large_other_areas,,21,1.0,0.0476,20,16.5
2022-2026 pooled,distance,bay-shore,lowest_automatic,5|6,37,2.0,0.0541,37,20.0
2022-2026 pooled,distance,bay-shore,at_large_other_areas,,73,10.0,0.137,72,16.0
2022-2026 pooled,distance,redwood-empire,lowest_automatic,5|6,37,3.0,0.0811,37,18.0
2022-2026 pooled,distance,redwood-empire,at_large_other_areas,,66,9.0,0.1364,66,16.0
2022-2026 pooled,distance,class-a,lowest_automatic,3,17,3.0,0.1765,16,15.0
2022-2026 pooled,distance,class-a,at_large_other_areas,,68,10.0,0.1471,67,16.0
2022-2026 pooled,jumps,tri-valley,lowest_automatic,5|6,72,23.0,0.3194,62,11.0
2022-2026 pooled,jumps,tri-valley,at_large_other_areas,,64,7.0,0.1094,61,15.0
2022-2026 pooled,jumps,bay-shore,lowest_automatic,5|6,66,11.0,0.1667,53,16.0
2022-2026 pooled,jumps,bay-shore,at_large_other_areas,,109,18.0,0.1651,94,13.0
2022-2026 pooled,jumps,redwood-empire,lowest_automatic,5|6,65,8.0,0.1231,63,15.0
2022-2026 pooled,jumps,redwood-empire,at_large_other_areas,,110,17.0,0.1545,96,14.0
2022-2026 pooled,jumps,class-a,lowest_automatic,3,29,0.0,0.0,23,18.0
2022-2026 pooled,jumps,class-a,at_large_other_areas,,137,21.0,0.1533,121,14.0
2022-2026 pooled,throws,tri-valley,lowest_automatic,5|6,39,14.0,0.359,39,12.0
2022-2026 pooled,throws,tri-valley,at_large_other_areas,,26,4.0,0.1538,26,16.5
2022-2026 pooled,throws,bay-shore,lowest_automatic,5|6,35,1.0,0.0286,33,19.0
2022-2026 pooled,throws,bay-shore,at_large_other_areas,,52,11.0,0.2115,52,16.0
2022-2026 pooled,throws,redwood-empire,lowest_automatic,5|6,38,8.0,0.2105,38,14.0
2022-2026 pooled,throws,redwood-empire,at_large_other_areas,,32,7.0,0.2188,32,14.5
2022-2026 pooled,throws,class-a,lowest_automatic,3,17,0.0,0.0,16,18.5
2022-2026 pooled,throws,class-a,at_large_other_areas,,55,11.0,0.2,55,16.0
2022-2026 pooled,relays,tri-valley,lowest_automatic,5|6,38,14.0,0.3684,36,9.0
2022-2026 pooled,relays,tri-valley,at_large_other_areas,,7,0.0,0.0,6,15.0
2022-2026 pooled,relays,bay-shore,lowest_automatic,5|6,36,1.0,0.0278,34,19.5
2022-2026 pooled,relays,bay-shore,at_large_other_areas,,55,9.0,0.1636,51,14.0
2022-2026 pooled,relays,redwood-empire,lowest_automatic,5|6,36,1.0,0.0278,34,18.0
2022-2026 pooled,relays,redwood-empire,at_large_other_areas,,59,9.0,0.1525,55,14.0
2022-2026 pooled,relays,class-a,lowest_automatic,3,17,1.0,0.0588,17,19.0
2022-2026 pooled,relays,class-a,at_large_other_areas,,59,9.0,0.1525,56,14.0
2022-2026 pooled,all,tri-valley,lowest_automatic,5|6,293,106.0,0.3618,279,10.0
2022-2026 pooled,all,tri-valley,at_large_other_areas,,157,12.0,0.0764,152,16.0
2022-2026 pooled,all,bay-shore,lowest_automatic,5|6,285,25.0,0.0877,265,18.0
2022-2026 pooled,all,bay-shore,at_large_other_areas,,498,65.0,0.1305,473,15.0
2022-2026 pooled,all,redwood-empire,lowest_automatic,5|6,280,22.0,0.0786,271,17.0
2022-2026 pooled,all,redwood-empire,at_large_other_areas,,481,59.0,0.1227,458,15.0
2022-2026 pooled,all,class-a,lowest_automatic,3,132,7.0,0.053,122,19.5
2022-2026 pooled,all,class-a,at_large_other_areas,,529,68.0,0.1285,504,15.0
