season,gender,event_code,area,beaten_area,left_out,beat_any,beaten_autos
2022,boys,100,bay-shore,any,15.0,9,
2022,boys,100,bay-shore,class-a,,9,3.0
2022,boys,100,bay-shore,redwood-empire,,6,1.0
2022,boys,100,class-a,any,15.0,0,
2022,boys,100,redwood-empire,any,14.0,8,
2022,boys,100,redwood-empire,class-a,,8,3.0
2022,boys,100,tri-valley,any,11.0,11,
2022,boys,100,tri-valley,class-a,,11,3.0
2022,boys,100,tri-valley,redwood-empire,,5,1.0
2022,boys,110H,bay-shore,any,15.0,0,
2022,boys,110H,class-a,any,12.0,4,
2022,boys,110H,class-a,bay-shore,,4,3.0
2022,boys,110H,redwood-empire,any,15.0,2,
2022,boys,110H,redwood-empire,bay-shore,,2,4.0
2022,boys,110H,tri-valley,any,15.0,3,
2022,boys,110H,tri-valley,bay-shore,,3,2.0
2022,boys,1600,bay-shore,any,15.0,4,
2022,boys,1600,bay-shore,redwood-empire,,4,3.0
2022,boys,1600,class-a,any,14.0,0,
2022,boys,1600,redwood-empire,any,18.0,0,
2022,boys,1600,tri-valley,any,14.0,3,
2022,boys,1600,tri-valley,redwood-empire,,3,2.0
2022,boys,200,bay-shore,any,13.0,11,
2022,boys,200,bay-shore,class-a,,11,3.0
2022,boys,200,bay-shore,redwood-empire,,2,1.0
2022,boys,200,class-a,any,12.0,0,
2022,boys,200,redwood-empire,any,14.0,8,
2022,boys,200,redwood-empire,class-a,,8,3.0
2022,boys,200,tri-valley,any,13.0,11,
2022,boys,200,tri-valley,class-a,,11,3.0
2022,boys,200,tri-valley,redwood-empire,,3,1.0
2022,boys,300H,bay-shore,any,16.0,1,
2022,boys,300H,bay-shore,class-a,,1,1.0
2022,boys,300H,bay-shore,redwood-empire,,1,1.0
2022,boys,300H,class-a,any,8.0,0,
2022,boys,300H,redwood-empire,any,11.0,1,
2022,boys,300H,redwood-empire,class-a,,1,1.0
2022,boys,300H,tri-valley,any,12.0,2,
2022,boys,300H,tri-valley,class-a,,2,1.0
2022,boys,300H,tri-valley,redwood-empire,,1,1.0
2022,boys,3200,bay-shore,any,16.0,2,
2022,boys,3200,bay-shore,class-a,,2,3.0
2022,boys,3200,bay-shore,redwood-empire,,2,2.0
2022,boys,3200,class-a,any,14.0,0,
2022,boys,3200,redwood-empire,any,18.0,0,
2022,boys,3200,tri-valley,any,15.0,2,
2022,boys,3200,tri-valley,class-a,,2,3.0
2022,boys,3200,tri-valley,redwood-empire,,2,1.0
2022,boys,400,bay-shore,any,14.0,3,
2022,boys,400,bay-shore,class-a,,3,2.0
2022,boys,400,bay-shore,redwood-empire,,1,1.0
2022,boys,400,class-a,any,10.0,0,
2022,boys,400,redwood-empire,any,15.0,0,
2022,boys,400,tri-valley,any,13.0,10,
2022,boys,400,tri-valley,bay-shore,,3,2.0
2022,boys,400,tri-valley,class-a,,10,3.0
2022,boys,400,tri-valley,redwood-empire,,7,5.0
2022,boys,4x100,bay-shore,any,9.0,0,
2022,boys,4x100,class-a,any,7.0,0,
2022,boys,4x100,redwood-empire,any,13.0,0,
2022,boys,4x100,tri-valley,any,8.0,5,
2022,boys,4x100,tri-valley,bay-shore,,5,1.0
2022,boys,4x100,tri-valley,class-a,,4,1.0
2022,boys,4x100,tri-valley,redwood-empire,,2,1.0
2022,boys,4x400,bay-shore,any,8.0,5,
2022,boys,4x400,bay-shore,class-a,,5,3.0
2022,boys,4x400,bay-shore,redwood-empire,,1,1.0
2022,boys,4x400,class-a,any,2.0,0,
2022,boys,4x400,redwood-empire,any,15.0,6,
2022,boys,4x400,redwood-empire,class-a,,6,1.0
2022,boys,4x400,tri-valley,any,9.0,8,
2022,boys,4x400,tri-valley,class-a,,8,3.0
2022,boys,4x400,tri-valley,redwood-empire,,4,1.0
2022,boys,800,bay-shore,any,15.0,5,
2022,boys,800,bay-shore,class-a,,5,3.0
2022,boys,800,class-a,any,8.0,0,
2022,boys,800,redwood-empire,any,17.0,1,
2022,boys,800,redwood-empire,class-a,,1,3.0
2022,boys,800,tri-valley,any,15.0,7,
2022,boys,800,tri-valley,class-a,,7,3.0
2022,boys,DT,bay-shore,any,15.0,0,
2022,boys,DT,class-a,any,10.0,0,
2022,boys,DT,redwood-empire,any,13.0,1,
2022,boys,DT,redwood-empire,bay-shore,,1,1.0
2022,boys,DT,tri-valley,any,15.0,5,
2022,boys,DT,tri-valley,bay-shore,,5,2.0
2022,boys,HJ,bay-shore,any,13.0,0,
2022,boys,HJ,class-a,any,9.0,2,
2022,boys,HJ,class-a,bay-shore,,2,3.0
2022,boys,HJ,redwood-empire,any,7.0,3,
2022,boys,HJ,redwood-empire,bay-shore,,3,3.0
2022,boys,HJ,tri-valley,any,11.0,5,
2022,boys,HJ,tri-valley,bay-shore,,5,3.0
2022,boys,LJ,bay-shore,any,14.0,2,
2022,boys,LJ,bay-shore,redwood-empire,,2,1.0
2022,boys,LJ,class-a,any,13.0,0,
2022,boys,LJ,redwood-empire,any,14.0,0,
2022,boys,LJ,tri-valley,any,15.0,4,
2022,boys,LJ,tri-valley,redwood-empire,,4,1.0
2022,boys,PV,bay-shore,any,8.0,7,
2022,boys,PV,bay-shore,class-a,,7,2.0
2022,boys,PV,redwood-empire,any,12.0,12,
2022,boys,PV,redwood-empire,bay-shore,,3,3.0
2022,boys,PV,redwood-empire,class-a,,12,2.0
2022,boys,PV,tri-valley,any,12.0,12,
2022,boys,PV,tri-valley,bay-shore,,8,3.0
2022,boys,PV,tri-valley,class-a,,12,2.0
2022,boys,PV,tri-valley,redwood-empire,,1,2.0
2022,boys,SP,bay-shore,any,14.0,0,
2022,boys,SP,class-a,any,11.0,0,
2022,boys,SP,redwood-empire,any,14.0,3,
2022,boys,SP,redwood-empire,class-a,,3,1.0
2022,boys,SP,tri-valley,any,17.0,5,
2022,boys,SP,tri-valley,bay-shore,,2,1.0
2022,boys,SP,tri-valley,class-a,,5,2.0
2022,boys,TJ,bay-shore,any,14.0,0,
2022,boys,TJ,class-a,any,13.0,0,
2022,boys,TJ,redwood-empire,any,13.0,0,
2022,boys,TJ,tri-valley,any,14.0,1,
2022,boys,TJ,tri-valley,class-a,,1,1.0
2022,girls,100,bay-shore,any,17.0,0,
2022,girls,100,class-a,any,15.0,0,
2022,girls,100,redwood-empire,any,15.0,0,
2022,girls,100,tri-valley,any,15.0,2,
2022,girls,100,tri-valley,bay-shore,,2,2.0
2022,girls,100,tri-valley,class-a,,2,2.0
2022,girls,100,tri-valley,redwood-empire,,2,1.0
2022,girls,100H,bay-shore,any,18.0,0,
2022,girls,100H,class-a,any,10.0,0,
2022,girls,100H,redwood-empire,any,15.0,0,
2022,girls,100H,tri-valley,any,13.0,1,
2022,girls,100H,tri-valley,bay-shore,,1,1.0
2022,girls,100H,tri-valley,redwood-empire,,1,1.0
2022,girls,1600,bay-shore,any,14.0,0,
2022,girls,1600,class-a,any,9.0,4,
2022,girls,1600,class-a,bay-shore,,4,2.0
2022,girls,1600,redwood-empire,any,15.0,5,
2022,girls,1600,redwood-empire,bay-shore,,5,2.0
2022,girls,1600,tri-valley,any,15.0,12,
2022,girls,1600,tri-valley,bay-shore,,12,5.0
2022,girls,200,bay-shore,any,13.0,5,
2022,girls,200,bay-shore,class-a,,1,1.0
2022,girls,200,bay-shore,redwood-empire,,5,3.0
2022,girls,200,class-a,any,9.0,2,
2022,girls,200,class-a,redwood-empire,,2,1.0
2022,girls,200,redwood-empire,any,11.0,0,
2022,girls,200,tri-valley,any,13.0,6,
2022,girls,200,tri-valley,class-a,,5,2.0
2022,girls,200,tri-valley,redwood-empire,,6,3.0
2022,girls,300H,bay-shore,any,17.0,0,
2022,girls,300H,class-a,any,8.0,0,
2022,girls,300H,redwood-empire,any,14.0,0,
2022,girls,300H,tri-valley,any,15.0,0,
2022,girls,3200,bay-shore,any,13.0,0,
2022,girls,3200,class-a,any,10.0,1,
2022,girls,3200,class-a,bay-shore,,1,1.0
2022,girls,3200,redwood-empire,any,15.0,0,
2022,girls,3200,tri-valley,any,14.0,0,
2022,girls,400,bay-shore,any,16.0,3,
2022,girls,400,bay-shore,class-a,,1,1.0
2022,girls,400,bay-shore,redwood-empire,,3,3.0
2022,girls,400,class-a,any,10.0,0,
2022,girls,400,redwood-empire,any,16.0,0,
2022,girls,400,tri-valley,any,11.0,5,
2022,girls,400,tri-valley,bay-shore,,2,3.0
2022,girls,400,tri-valley,class-a,,4,2.0
2022,girls,400,tri-valley,redwood-empire,,5,4.0
2022,girls,4x100,bay-shore,any,9.0,2,
2022,girls,4x100,bay-shore,class-a,,1,1.0
2022,girls,4x100,bay-shore,redwood-empire,,2,2.0
2022,girls,4x100,class-a,any,5.0,0,
2022,girls,4x100,redwood-empire,any,7.0,0,
2022,girls,4x100,tri-valley,any,9.0,4,
2022,girls,4x100,tri-valley,class-a,,3,2.0
2022,girls,4x100,tri-valley,redwood-empire,,4,3.0
2022,girls,4x400,bay-shore,any,10.0,0,
2022,girls,4x400,class-a,any,5.0,0,
2022,girls,4x400,redwood-empire,any,11.0,3,
2022,girls,4x400,redwood-empire,bay-shore,,3,3.0
2022,girls,4x400,redwood-empire,class-a,,3,3.0
2022,girls,4x400,tri-valley,any,7.0,6,
2022,girls,4x400,tri-valley,bay-shore,,6,4.0
2022,girls,4x400,tri-valley,class-a,,5,3.0
2022,girls,4x400,tri-valley,redwood-empire,,2,2.0
2022,girls,800,bay-shore,any,15.0,0,
2022,girls,800,class-a,any,11.0,3,
2022,girls,800,class-a,bay-shore,,3,3.0
2022,girls,800,redwood-empire,any,16.0,4,
2022,girls,800,redwood-empire,bay-shore,,4,3.0
2022,girls,800,tri-valley,any,13.0,8,
2022,girls,800,tri-valley,bay-shore,,8,3.0
2022,girls,800,tri-valley,class-a,,5,2.0
2022,girls,800,tri-valley,redwood-empire,,5,3.0
2022,girls,DT,bay-shore,any,17.0,0,
2022,girls,DT,class-a,any,16.0,4,
2022,girls,DT,class-a,bay-shore,,4,4.0
2022,girls,DT,redwood-empire,any,16.0,11,
2022,girls,DT,redwood-empire,bay-shore,,11,5.0
2022,girls,DT,redwood-empire,class-a,,3,2.0
2022,girls,DT,tri-valley,any,13.0,8,
2022,girls,DT,tri-valley,bay-shore,,8,5.0
2022,girls,DT,tri-valley,class-a,,5,2.0
2022,girls,DT,tri-valley,redwood-empire,,1,1.0
2022,girls,HJ,bay-shore,any,11.0,0,
2022,girls,HJ,class-a,any,9.0,1,
2022,girls,HJ,class-a,bay-shore,,1,2.0
2022,girls,HJ,redwood-empire,any,8.0,0,
2022,girls,HJ,tri-valley,any,14.0,0,
2022,girls,LJ,bay-shore,any,16.0,0,
2022,girls,LJ,class-a,any,13.0,1,
2022,girls,LJ,class-a,bay-shore,,1,1.0
2022,girls,LJ,redwood-empire,any,10.0,2,
2022,girls,LJ,redwood-empire,bay-shore,,2,1.0
2022,girls,LJ,tri-valley,any,15.0,0,
2022,girls,PV,bay-shore,any,10.0,0,
2022,girls,PV,class-a,any,3.0,0,
2022,girls,PV,redwood-empire,any,9.0,0,
2022,girls,PV,tri-valley,any,15.0,0,
2022,girls,SP,bay-shore,any,17.0,0,
2022,girls,SP,class-a,any,15.0,7,
2022,girls,SP,class-a,bay-shore,,7,5.0
2022,girls,SP,redwood-empire,any,16.0,10,
2022,girls,SP,redwood-empire,bay-shore,,10,5.0
2022,girls,SP,redwood-empire,class-a,,1,1.0
2022,girls,SP,tri-valley,any,11.0,8,
2022,girls,SP,tri-valley,bay-shore,,8,5.0
2022,girls,TJ,bay-shore,any,13.0,0,
2022,girls,TJ,class-a,any,9.0,0,
2022,girls,TJ,redwood-empire,any,11.0,2,
2022,girls,TJ,redwood-empire,bay-shore,,2,2.0
2022,girls,TJ,redwood-empire,class-a,,2,2.0
2022,girls,TJ,tri-valley,any,18.0,5,
2022,girls,TJ,tri-valley,bay-shore,,5,2.0
2022,girls,TJ,tri-valley,class-a,,2,2.0
2023,boys,100,bay-shore,any,15.0,2,
2023,boys,100,bay-shore,class-a,,2,3.0
2023,boys,100,bay-shore,redwood-empire,,2,6.0
2023,boys,100,class-a,any,13.0,0,
2023,boys,100,redwood-empire,any,21.0,0,
2023,boys,100,tri-valley,any,11.0,10,
2023,boys,100,tri-valley,class-a,,10,3.0
2023,boys,100,tri-valley,redwood-empire,,10,6.0
2023,boys,110H,bay-shore,any,14.0,0,
2023,boys,110H,class-a,any,12.0,0,
2023,boys,110H,redwood-empire,any,21.0,0,
2023,boys,110H,tri-valley,any,15.0,0,
2023,boys,1600,bay-shore,any,18.0,3,
2023,boys,1600,bay-shore,class-a,,3,3.0
2023,boys,1600,class-a,any,14.0,0,
2023,boys,1600,redwood-empire,any,20.0,3,
2023,boys,1600,redwood-empire,class-a,,3,3.0
2023,boys,1600,tri-valley,any,7.0,3,
2023,boys,1600,tri-valley,bay-shore,,2,1.0
2023,boys,1600,tri-valley,class-a,,3,3.0
2023,boys,200,bay-shore,any,16.0,1,
2023,boys,200,bay-shore,class-a,,1,2.0
2023,boys,200,class-a,any,13.0,0,
2023,boys,200,redwood-empire,any,21.0,1,
2023,boys,200,redwood-empire,class-a,,1,1.0
2023,boys,200,tri-valley,any,9.0,5,
2023,boys,200,tri-valley,class-a,,5,3.0
2023,boys,200,tri-valley,redwood-empire,,5,1.0
2023,boys,300H,bay-shore,any,14.0,0,
2023,boys,300H,class-a,any,14.0,1,
2023,boys,300H,class-a,bay-shore,,1,2.0
2023,boys,300H,redwood-empire,any,18.0,5,
2023,boys,300H,redwood-empire,bay-shore,,5,3.0
2023,boys,300H,redwood-empire,class-a,,1,2.0
2023,boys,300H,tri-valley,any,15.0,5,
2023,boys,300H,tri-valley,bay-shore,,5,3.0
2023,boys,300H,tri-valley,class-a,,2,1.0
2023,boys,3200,bay-shore,any,16.0,0,
2023,boys,3200,class-a,any,17.0,0,
2023,boys,3200,redwood-empire,any,20.0,0,
2023,boys,3200,tri-valley,any,13.0,0,
2023,boys,400,bay-shore,any,17.0,7,
2023,boys,400,bay-shore,class-a,,7,1.0
2023,boys,400,class-a,any,14.0,0,
2023,boys,400,redwood-empire,any,20.0,4,
2023,boys,400,redwood-empire,class-a,,4,1.0
2023,boys,400,tri-valley,any,15.0,12,
2023,boys,400,tri-valley,class-a,,12,2.0
2023,boys,400,tri-valley,redwood-empire,,6,2.0
2023,boys,4x100,bay-shore,any,8.0,4,
2023,boys,4x100,bay-shore,class-a,,4,1.0
2023,boys,4x100,class-a,any,5.0,0,
2023,boys,4x100,redwood-empire,any,14.0,7,
2023,boys,4x100,redwood-empire,bay-shore,,4,3.0
2023,boys,4x100,redwood-empire,class-a,,7,2.0
2023,boys,4x100,tri-valley,any,12.0,10,
2023,boys,4x100,tri-valley,bay-shore,,8,4.0
2023,boys,4x100,tri-valley,class-a,,10,3.0
2023,boys,4x100,tri-valley,redwood-empire,,5,5.0
2023,boys,4x400,bay-shore,any,12.0,0,
2023,boys,4x400,class-a,any,11.0,0,
2023,boys,4x400,redwood-empire,any,15.0,0,
2023,boys,4x400,tri-valley,any,11.0,3,
2023,boys,4x400,tri-valley,bay-shore,,3,3.0
2023,boys,4x400,tri-valley,class-a,,3,3.0
2023,boys,4x400,tri-valley,redwood-empire,,3,3.0
2023,boys,800,bay-shore,any,15.0,1,
2023,boys,800,bay-shore,redwood-empire,,1,2.0
2023,boys,800,class-a,any,13.0,0,
2023,boys,800,redwood-empire,any,21.0,0,
2023,boys,800,tri-valley,any,13.0,5,
2023,boys,800,tri-valley,bay-shore,,4,2.0
2023,boys,800,tri-valley,redwood-empire,,5,4.0
2023,boys,DT,bay-shore,any,16.0,0,
2023,boys,DT,class-a,any,18.0,3,
2023,boys,DT,class-a,bay-shore,,3,1.0
2023,boys,DT,redwood-empire,any,13.0,2,
2023,boys,DT,redwood-empire,bay-shore,,2,1.0
2023,boys,DT,tri-valley,any,16.0,4,
2023,boys,DT,tri-valley,bay-shore,,4,1.0
2023,boys,HJ,bay-shore,any,17.0,0,
2023,boys,HJ,class-a,any,10.0,0,
2023,boys,HJ,redwood-empire,any,7.0,0,
2023,boys,HJ,tri-valley,any,10.0,0,
2023,boys,LJ,bay-shore,any,13.0,0,
2023,boys,LJ,class-a,any,10.0,0,
2023,boys,LJ,redwood-empire,any,18.0,0,
2023,boys,LJ,tri-valley,any,16.0,0,
2023,boys,PV,bay-shore,any,8.0,3,
2023,boys,PV,bay-shore,class-a,,3,1.0
2023,boys,PV,class-a,any,2.0,0,
2023,boys,PV,redwood-empire,any,9.0,9,
2023,boys,PV,redwood-empire,bay-shore,,3,1.0
2023,boys,PV,redwood-empire,class-a,,9,3.0
2023,boys,PV,tri-valley,any,14.0,14,
2023,boys,PV,tri-valley,bay-shore,,8,1.0
2023,boys,PV,tri-valley,class-a,,14,3.0
2023,boys,SP,bay-shore,any,13.0,2,
2023,boys,SP,bay-shore,class-a,,2,1.0
2023,boys,SP,class-a,any,15.0,0,
2023,boys,SP,redwood-empire,any,17.0,3,
2023,boys,SP,redwood-empire,class-a,,3,1.0
2023,boys,SP,tri-valley,any,14.0,1,
2023,boys,SP,tri-valley,class-a,,1,1.0
2023,boys,TJ,bay-shore,any,15.0,0,
2023,boys,TJ,class-a,any,14.0,0,
2023,boys,TJ,redwood-empire,any,18.0,0,
2023,boys,TJ,tri-valley,any,17.0,0,
2023,girls,100,bay-shore,any,17.0,0,
2023,girls,100,class-a,any,14.0,0,
2023,girls,100,redwood-empire,any,21.0,1,
2023,girls,100,redwood-empire,class-a,,1,1.0
2023,girls,100,tri-valley,any,13.0,1,
2023,girls,100,tri-valley,bay-shore,,1,1.0
2023,girls,100,tri-valley,class-a,,1,1.0
2023,girls,100,tri-valley,redwood-empire,,1,1.0
2023,girls,100H,bay-shore,any,16.0,0,
2023,girls,100H,class-a,any,14.0,0,
2023,girls,100H,redwood-empire,any,16.0,10,
2023,girls,100H,redwood-empire,bay-shore,,10,3.0
2023,girls,100H,redwood-empire,class-a,,2,1.0
2023,girls,100H,tri-valley,any,11.0,6,
2023,girls,100H,tri-valley,bay-shore,,6,3.0
2023,girls,100H,tri-valley,class-a,,2,1.0
2023,girls,100H,tri-valley,redwood-empire,,1,1.0
2023,girls,1600,bay-shore,any,15.0,0,
2023,girls,1600,class-a,any,12.0,5,
2023,girls,1600,class-a,bay-shore,,5,4.0
2023,girls,1600,redwood-empire,any,18.0,6,
2023,girls,1600,redwood-empire,bay-shore,,6,1.0
2023,girls,1600,tri-valley,any,14.0,12,
2023,girls,1600,tri-valley,bay-shore,,12,4.0
2023,girls,200,bay-shore,any,15.0,0,
2023,girls,200,class-a,any,13.0,0,
2023,girls,200,redwood-empire,any,19.0,2,
2023,girls,200,redwood-empire,bay-shore,,2,3.0
2023,girls,200,tri-valley,any,10.0,2,
2023,girls,200,tri-valley,bay-shore,,2,3.0
2023,girls,200,tri-valley,class-a,,1,1.0
2023,girls,200,tri-valley,redwood-empire,,1,3.0
2023,girls,300H,bay-shore,any,15.0,4,
2023,girls,300H,bay-shore,class-a,,4,1.0
2023,girls,300H,class-a,any,13.0,0,
2023,girls,300H,redwood-empire,any,15.0,7,
2023,girls,300H,redwood-empire,class-a,,7,1.0
2023,girls,300H,tri-valley,any,14.0,7,
2023,girls,300H,tri-valley,bay-shore,,5,3.0
2023,girls,300H,tri-valley,class-a,,7,1.0
2023,girls,300H,tri-valley,redwood-empire,,5,1.0
2023,girls,3200,bay-shore,any,14.0,0,
2023,girls,3200,class-a,any,9.0,1,
2023,girls,3200,class-a,bay-shore,,1,2.0
2023,girls,3200,redwood-empire,any,20.0,2,
2023,girls,3200,redwood-empire,bay-shore,,2,2.0
2023,girls,3200,tri-valley,any,14.0,1,
2023,girls,3200,tri-valley,bay-shore,,1,2.0
2023,girls,400,bay-shore,any,14.0,0,
2023,girls,400,class-a,any,17.0,0,
2023,girls,400,redwood-empire,any,18.0,0,
2023,girls,400,tri-valley,any,9.0,2,
2023,girls,400,tri-valley,class-a,,2,1.0
2023,girls,400,tri-valley,redwood-empire,,2,3.0
2023,girls,4x100,bay-shore,any,8.0,0,
2023,girls,4x100,class-a,any,13.0,0,
2023,girls,4x100,redwood-empire,any,17.0,8,
2023,girls,4x100,redwood-empire,bay-shore,,3,1.0
2023,girls,4x100,redwood-empire,class-a,,8,3.0
2023,girls,4x100,tri-valley,any,8.0,4,
2023,girls,4x100,tri-valley,bay-shore,,4,1.0
2023,girls,4x100,tri-valley,class-a,,4,3.0
2023,girls,4x100,tri-valley,redwood-empire,,1,4.0
2023,girls,4x400,bay-shore,any,6.0,0,
2023,girls,4x400,class-a,any,10.0,0,
2023,girls,4x400,redwood-empire,any,15.0,0,
2023,girls,4x400,tri-valley,any,8.0,3,
2023,girls,4x400,tri-valley,bay-shore,,3,4.0
2023,girls,4x400,tri-valley,class-a,,3,1.0
2023,girls,4x400,tri-valley,redwood-empire,,3,5.0
2023,girls,800,bay-shore,any,17.0,0,
2023,girls,800,class-a,any,16.0,1,
2023,girls,800,class-a,bay-shore,,1,1.0
2023,girls,800,class-a,redwood-empire,,1,1.0
2023,girls,800,redwood-empire,any,21.0,0,
2023,girls,800,tri-valley,any,11.0,4,
2023,girls,800,tri-valley,bay-shore,,4,3.0
2023,girls,800,tri-valley,class-a,,1,1.0
2023,girls,800,tri-valley,redwood-empire,,3,2.0
2023,girls,DT,bay-shore,any,18.0,0,
2023,girls,DT,class-a,any,17.0,0,
2023,girls,DT,redwood-empire,any,19.0,6,
2023,girls,DT,redwood-empire,bay-shore,,6,2.0
2023,girls,DT,redwood-empire,class-a,,1,1.0
2023,girls,DT,tri-valley,any,14.0,8,
2023,girls,DT,tri-valley,bay-shore,,8,6.0
2023,girls,DT,tri-valley,class-a,,5,1.0
2023,girls,DT,tri-valley,redwood-empire,,5,4.0
2023,girls,HJ,bay-shore,any,9.0,0,
2023,girls,HJ,class-a,any,10.0,0,
2023,girls,HJ,redwood-empire,any,9.0,3,
2023,girls,HJ,redwood-empire,bay-shore,,3,2.0
2023,girls,HJ,tri-valley,any,14.0,8,
2023,girls,HJ,tri-valley,bay-shore,,8,3.0
2023,girls,LJ,bay-shore,any,13.0,0,
2023,girls,LJ,class-a,any,13.0,0,
2023,girls,LJ,redwood-empire,any,15.0,0,
2023,girls,LJ,tri-valley,any,16.0,0,
2023,girls,PV,bay-shore,any,12.0,6,
2023,girls,PV,bay-shore,class-a,,6,1.0
2023,girls,PV,bay-shore,tri-valley,,3,2.0
2023,girls,PV,class-a,any,3.0,0,
2023,girls,PV,redwood-empire,any,13.0,13,
2023,girls,PV,redwood-empire,class-a,,13,2.0
2023,girls,PV,redwood-empire,tri-valley,,1,2.0
2023,girls,PV,tri-valley,any,16.0,16,
2023,girls,PV,tri-valley,class-a,,16,1.0
2023,girls,SP,bay-shore,any,17.0,0,
2023,girls,SP,class-a,any,20.0,5,
2023,girls,SP,class-a,bay-shore,,5,4.0
2023,girls,SP,redwood-empire,any,16.0,7,
2023,girls,SP,redwood-empire,bay-shore,,7,4.0
2023,girls,SP,tri-valley,any,17.0,8,
2023,girls,SP,tri-valley,bay-shore,,8,3.0
2023,girls,TJ,bay-shore,any,11.0,0,
2023,girls,TJ,class-a,any,10.0,0,
2023,girls,TJ,redwood-empire,any,20.0,0,
2023,girls,TJ,tri-valley,any,14.0,0,
2024,boys,100,bay-shore,any,11.0,4,
2024,boys,100,bay-shore,redwood-empire,,4,5.0
2024,boys,100,class-a,any,17.0,1,
2024,boys,100,class-a,redwood-empire,,1,5.0
2024,boys,100,redwood-empire,any,16.0,0,
2024,boys,100,tri-valley,any,8.0,5,
2024,boys,100,tri-valley,redwood-empire,,5,5.0
2024,boys,110H,bay-shore,any,16.0,2,
2024,boys,110H,bay-shore,redwood-empire,,2,1.0
2024,boys,110H,class-a,any,13.0,1,
2024,boys,110H,class-a,bay-shore,,1,1.0
2024,boys,110H,class-a,redwood-empire,,1,4.0
2024,boys,110H,redwood-empire,any,15.0,0,
2024,boys,110H,tri-valley,any,15.0,2,
2024,boys,110H,tri-valley,bay-shore,,1,1.0
2024,boys,110H,tri-valley,redwood-empire,,2,4.0
2024,boys,1600,bay-shore,any,16.0,1,
2024,boys,1600,bay-shore,class-a,,1,2.0
2024,boys,1600,class-a,any,16.0,0,
2024,boys,1600,redwood-empire,any,16.0,1,
2024,boys,1600,redwood-empire,class-a,,1,2.0
2024,boys,1600,tri-valley,any,11.0,4,
2024,boys,1600,tri-valley,class-a,,4,2.0
2024,boys,200,bay-shore,any,13.0,0,
2024,boys,200,class-a,any,16.0,0,
2024,boys,200,redwood-empire,any,12.0,5,
2024,boys,200,redwood-empire,bay-shore,,5,2.0
2024,boys,200,redwood-empire,class-a,,1,1.0
2024,boys,200,tri-valley,any,13.0,2,
2024,boys,200,tri-valley,bay-shore,,2,1.0
2024,boys,300H,bay-shore,any,14.0,1,
2024,boys,300H,bay-shore,class-a,,1,1.0
2024,boys,300H,class-a,any,13.0,0,
2024,boys,300H,redwood-empire,any,12.0,0,
2024,boys,300H,tri-valley,any,11.0,2,
2024,boys,300H,tri-valley,class-a,,2,1.0
2024,boys,3200,bay-shore,any,17.0,0,
2024,boys,3200,class-a,any,24.0,0,
2024,boys,3200,redwood-empire,any,18.0,0,
2024,boys,3200,tri-valley,any,15.0,1,
2024,boys,3200,tri-valley,class-a,,1,1.0
2024,boys,3200,tri-valley,redwood-empire,,1,1.0
2024,boys,400,bay-shore,any,14.0,3,
2024,boys,400,bay-shore,class-a,,3,3.0
2024,boys,400,bay-shore,redwood-empire,,3,2.0
2024,boys,400,class-a,any,17.0,0,
2024,boys,400,redwood-empire,any,16.0,0,
2024,boys,400,tri-valley,any,11.0,3,
2024,boys,400,tri-valley,class-a,,1,3.0
2024,boys,400,tri-valley,redwood-empire,,3,2.0
2024,boys,4x100,bay-shore,any,11.0,6,
2024,boys,4x100,bay-shore,class-a,,6,2.0
2024,boys,4x100,class-a,any,9.0,0,
2024,boys,4x100,redwood-empire,any,13.0,4,
2024,boys,4x100,redwood-empire,class-a,,4,2.0
2024,boys,4x100,tri-valley,any,12.0,9,
2024,boys,4x100,tri-valley,class-a,,9,2.0
2024,boys,4x100,tri-valley,redwood-empire,,3,1.0
2024,boys,4x400,bay-shore,any,7.0,0,
2024,boys,4x400,class-a,any,10.0,0,
2024,boys,4x400,redwood-empire,any,15.0,0,
2024,boys,4x400,tri-valley,any,11.0,2,
2024,boys,4x400,tri-valley,bay-shore,,2,2.0
2024,boys,4x400,tri-valley,class-a,,2,2.0
2024,boys,4x400,tri-valley,redwood-empire,,1,2.0
2024,boys,800,bay-shore,any,15.0,0,
2024,boys,800,class-a,any,14.0,0,
2024,boys,800,redwood-empire,any,13.0,1,
2024,boys,800,redwood-empire,bay-shore,,1,1.0
2024,boys,800,tri-valley,any,10.0,2,
2024,boys,800,tri-valley,bay-shore,,2,1.0
2024,boys,DT,bay-shore,any,18.0,2,
2024,boys,DT,bay-shore,class-a,,2,1.0
2024,boys,DT,class-a,any,14.0,0,
2024,boys,DT,redwood-empire,any,17.0,4,
2024,boys,DT,redwood-empire,bay-shore,,2,3.0
2024,boys,DT,redwood-empire,class-a,,4,3.0
2024,boys,DT,tri-valley,any,14.0,6,
2024,boys,DT,tri-valley,bay-shore,,3,3.0
2024,boys,DT,tri-valley,class-a,,6,3.0
2024,boys,HJ,bay-shore,any,11.0,0,
2024,boys,HJ,class-a,any,12.0,0,
2024,boys,HJ,redwood-empire,any,6.0,0,
2024,boys,HJ,tri-valley,any,12.0,0,
2024,boys,LJ,bay-shore,any,10.0,1,
2024,boys,LJ,bay-shore,redwood-empire,,1,1.0
2024,boys,LJ,class-a,any,14.0,0,
2024,boys,LJ,redwood-empire,any,14.0,0,
2024,boys,LJ,tri-valley,any,15.0,1,
2024,boys,LJ,tri-valley,redwood-empire,,1,1.0
2024,boys,PV,bay-shore,any,9.0,1,
2024,boys,PV,bay-shore,class-a,,1,1.0
2024,boys,PV,class-a,any,5.0,0,
2024,boys,PV,redwood-empire,any,15.0,14,
2024,boys,PV,redwood-empire,class-a,,14,3.0
2024,boys,PV,tri-valley,any,12.0,12,
2024,boys,PV,tri-valley,class-a,,12,3.0
2024,boys,SP,bay-shore,any,16.0,4,
2024,boys,SP,bay-shore,class-a,,4,2.0
2024,boys,SP,class-a,any,15.0,0,
2024,boys,SP,redwood-empire,any,13.0,3,
2024,boys,SP,redwood-empire,class-a,,3,2.0
2024,boys,SP,tri-valley,any,14.0,6,
2024,boys,SP,tri-valley,class-a,,6,2.0
2024,boys,TJ,bay-shore,any,13.0,0,
2024,boys,TJ,class-a,any,17.0,0,
2024,boys,TJ,redwood-empire,any,15.0,1,
2024,boys,TJ,redwood-empire,class-a,,1,1.0
2024,boys,TJ,tri-valley,any,14.0,1,
2024,boys,TJ,tri-valley,class-a,,1,1.0
2024,girls,100,bay-shore,any,17.0,6,
2024,girls,100,bay-shore,redwood-empire,,6,5.0
2024,girls,100,class-a,any,17.0,4,
2024,girls,100,class-a,redwood-empire,,4,4.0
2024,girls,100,redwood-empire,any,13.0,0,
2024,girls,100,tri-valley,any,14.0,10,
2024,girls,100,tri-valley,redwood-empire,,10,5.0
2024,girls,100H,bay-shore,any,19.0,0,
2024,girls,100H,class-a,any,11.0,0,
2024,girls,100H,redwood-empire,any,18.0,0,
2024,girls,100H,tri-valley,any,17.0,8,
2024,girls,100H,tri-valley,bay-shore,,8,3.0
2024,girls,100H,tri-valley,redwood-empire,,8,2.0
2024,girls,1600,bay-shore,any,14.0,0,
2024,girls,1600,class-a,any,10.0,5,
2024,girls,1600,class-a,bay-shore,,5,1.0
2024,girls,1600,class-a,redwood-empire,,1,1.0
2024,girls,1600,redwood-empire,any,15.0,3,
2024,girls,1600,redwood-empire,bay-shore,,3,1.0
2024,girls,1600,tri-valley,any,9.0,2,
2024,girls,1600,tri-valley,bay-shore,,2,1.0
2024,girls,1600,tri-valley,redwood-empire,,1,1.0
2024,girls,200,bay-shore,any,16.0,0,
2024,girls,200,class-a,any,14.0,2,
2024,girls,200,class-a,redwood-empire,,2,1.0
2024,girls,200,redwood-empire,any,15.0,0,
2024,girls,200,tri-valley,any,15.0,1,
2024,girls,200,tri-valley,redwood-empire,,1,1.0
2024,girls,300H,bay-shore,any,18.0,0,
2024,girls,300H,class-a,any,12.0,1,
2024,girls,300H,class-a,bay-shore,,1,1.0
2024,girls,300H,redwood-empire,any,16.0,0,
2024,girls,300H,tri-valley,any,15.0,3,
2024,girls,300H,tri-valley,bay-shore,,3,2.0
2024,girls,300H,tri-valley,redwood-empire,,2,1.0
2024,girls,3200,bay-shore,any,13.0,0,
2024,girls,3200,class-a,any,16.0,4,
2024,girls,3200,class-a,bay-shore,,4,2.0
2024,girls,3200,class-a,redwood-empire,,1,1.0
2024,girls,3200,redwood-empire,any,16.0,4,
2024,girls,3200,redwood-empire,bay-shore,,4,1.0
2024,girls,3200,tri-valley,any,12.0,4,
2024,girls,3200,tri-valley,bay-shore,,4,1.0
2024,girls,400,bay-shore,any,18.0,0,
2024,girls,400,class-a,any,16.0,0,
2024,girls,400,redwood-empire,any,17.0,0,
2024,girls,400,tri-valley,any,10.0,0,
2024,girls,4x100,bay-shore,any,14.0,2,
2024,girls,4x100,bay-shore,class-a,,1,1.0
2024,girls,4x100,bay-shore,redwood-empire,,2,2.0
2024,girls,4x100,class-a,any,12.0,2,
2024,girls,4x100,class-a,redwood-empire,,2,2.0
2024,girls,4x100,redwood-empire,any,15.0,0,
2024,girls,4x100,tri-valley,any,10.0,3,
2024,girls,4x100,tri-valley,bay-shore,,2,1.0
2024,girls,4x100,tri-valley,class-a,,2,3.0
2024,girls,4x100,tri-valley,redwood-empire,,3,3.0
2024,girls,4x400,bay-shore,any,7.0,0,
2024,girls,4x400,class-a,any,7.0,1,
2024,girls,4x400,class-a,bay-shore,,1,1.0
2024,girls,4x400,redwood-empire,any,11.0,0,
2024,girls,4x400,tri-valley,any,8.0,4,
2024,girls,4x400,tri-valley,bay-shore,,4,5.0
2024,girls,4x400,tri-valley,class-a,,3,1.0
2024,girls,4x400,tri-valley,redwood-empire,,3,3.0
2024,girls,800,bay-shore,any,14.0,0,
2024,girls,800,class-a,any,12.0,2,
2024,girls,800,class-a,bay-shore,,2,1.0
2024,girls,800,redwood-empire,any,18.0,8,
2024,girls,800,redwood-empire,bay-shore,,8,3.0
2024,girls,800,redwood-empire,class-a,,2,2.0
2024,girls,800,tri-valley,any,10.0,4,
2024,girls,800,tri-valley,bay-shore,,4,5.0
2024,girls,800,tri-valley,class-a,,4,2.0
2024,girls,800,tri-valley,redwood-empire,,1,3.0
2024,girls,DT,bay-shore,any,15.0,0,
2024,girls,DT,class-a,any,13.0,1,
2024,girls,DT,class-a,redwood-empire,,1,1.0
2024,girls,DT,redwood-empire,any,17.0,0,
2024,girls,DT,tri-valley,any,15.0,1,
2024,girls,DT,tri-valley,bay-shore,,1,2.0
2024,girls,DT,tri-valley,redwood-empire,,1,1.0
2024,girls,HJ,bay-shore,any,14.0,0,
2024,girls,HJ,class-a,any,11.0,0,
2024,girls,HJ,redwood-empire,any,3.0,0,
2024,girls,HJ,tri-valley,any,10.0,0,
2024,girls,LJ,bay-shore,any,13.0,11,
2024,girls,LJ,bay-shore,class-a,,3,1.0
2024,girls,LJ,bay-shore,redwood-empire,,11,3.0
2024,girls,LJ,class-a,any,13.0,1,
2024,girls,LJ,class-a,redwood-empire,,1,1.0
2024,girls,LJ,redwood-empire,any,14.0,0,
2024,girls,LJ,tri-valley,any,16.0,12,
2024,girls,LJ,tri-valley,class-a,,2,1.0
2024,girls,LJ,tri-valley,redwood-empire,,12,3.0
2024,girls,PV,bay-shore,any,10.0,9,
2024,girls,PV,bay-shore,class-a,,9,2.0
2024,girls,PV,bay-shore,redwood-empire,,1,2.0
2024,girls,PV,class-a,any,3.0,0,
2024,girls,PV,redwood-empire,any,7.0,7,
2024,girls,PV,redwood-empire,class-a,,7,2.0
2024,girls,PV,tri-valley,any,14.0,14,
2024,girls,PV,tri-valley,bay-shore,,4,3.0
2024,girls,PV,tri-valley,class-a,,14,2.0
2024,girls,PV,tri-valley,redwood-empire,,7,5.0
2024,girls,SP,bay-shore,any,15.0,0,
2024,girls,SP,class-a,any,12.0,0,
2024,girls,SP,redwood-empire,any,14.0,1,
2024,girls,SP,redwood-empire,bay-shore,,1,3.0
2024,girls,SP,tri-valley,any,17.0,1,
2024,girls,SP,tri-valley,bay-shore,,1,3.0
2024,girls,TJ,bay-shore,any,16.0,0,
2024,girls,TJ,class-a,any,13.0,0,
2024,girls,TJ,redwood-empire,any,15.0,0,
2024,girls,TJ,tri-valley,any,17.0,0,
2025,boys,100,bay-shore,any,17.0,7,
2025,boys,100,bay-shore,class-a,,7,2.0
2025,boys,100,class-a,any,18.0,0,
2025,boys,100,redwood-empire,any,16.0,9,
2025,boys,100,redwood-empire,class-a,,9,2.0
2025,boys,100,tri-valley,any,11.0,6,
2025,boys,100,tri-valley,class-a,,6,2.0
2025,boys,110H,bay-shore,any,17.0,4,
2025,boys,110H,bay-shore,class-a,,4,2.0
2025,boys,110H,bay-shore,redwood-empire,,4,2.0
2025,boys,110H,class-a,any,13.0,0,
2025,boys,110H,redwood-empire,any,15.0,0,
2025,boys,110H,tri-valley,any,14.0,4,
2025,boys,110H,tri-valley,class-a,,4,2.0
2025,boys,110H,tri-valley,redwood-empire,,4,2.0
2025,boys,1600,bay-shore,any,17.0,0,
2025,boys,1600,class-a,any,15.0,1,
2025,boys,1600,class-a,bay-shore,,1,1.0
2025,boys,1600,redwood-empire,any,15.0,3,
2025,boys,1600,redwood-empire,bay-shore,,3,5.0
2025,boys,1600,redwood-empire,class-a,,3,2.0
2025,boys,1600,tri-valley,any,15.0,4,
2025,boys,1600,tri-valley,bay-shore,,4,5.0
2025,boys,1600,tri-valley,class-a,,4,2.0
2025,boys,200,bay-shore,any,14.0,2,
2025,boys,200,bay-shore,class-a,,2,1.0
2025,boys,200,class-a,any,15.0,0,
2025,boys,200,redwood-empire,any,11.0,0,
2025,boys,200,tri-valley,any,13.0,1,
2025,boys,200,tri-valley,class-a,,1,1.0
2025,boys,300H,bay-shore,any,14.0,0,
2025,boys,300H,class-a,any,12.0,4,
2025,boys,300H,class-a,bay-shore,,4,2.0
2025,boys,300H,class-a,redwood-empire,,1,1.0
2025,boys,300H,redwood-empire,any,15.0,5,
2025,boys,300H,redwood-empire,bay-shore,,5,2.0
2025,boys,300H,tri-valley,any,10.0,8,
2025,boys,300H,tri-valley,bay-shore,,8,3.0
2025,boys,300H,tri-valley,class-a,,3,2.0
2025,boys,300H,tri-valley,redwood-empire,,5,2.0
2025,boys,3200,bay-shore,any,12.0,0,
2025,boys,3200,class-a,any,18.0,0,
2025,boys,3200,redwood-empire,any,16.0,1,
2025,boys,3200,redwood-empire,bay-shore,,1,3.0
2025,boys,3200,tri-valley,any,12.0,2,
2025,boys,3200,tri-valley,bay-shore,,2,4.0
2025,boys,3200,tri-valley,redwood-empire,,1,1.0
2025,boys,400,bay-shore,any,16.0,0,
2025,boys,400,class-a,any,22.0,0,
2025,boys,400,redwood-empire,any,15.0,1,
2025,boys,400,redwood-empire,bay-shore,,1,1.0
2025,boys,400,tri-valley,any,14.0,11,
2025,boys,400,tri-valley,bay-shore,,11,3.0
2025,boys,400,tri-valley,class-a,,3,1.0
2025,boys,400,tri-valley,redwood-empire,,8,4.0
2025,boys,4x100,bay-shore,any,12.0,3,
2025,boys,4x100,bay-shore,class-a,,3,3.0
2025,boys,4x100,class-a,any,14.0,0,
2025,boys,4x100,redwood-empire,any,11.0,6,
2025,boys,4x100,redwood-empire,class-a,,6,3.0
2025,boys,4x100,tri-valley,any,8.0,4,
2025,boys,4x100,tri-valley,class-a,,4,3.0
2025,boys,4x400,bay-shore,any,9.0,0,
2025,boys,4x400,class-a,any,13.0,0,
2025,boys,4x400,redwood-empire,any,12.0,0,
2025,boys,4x400,tri-valley,any,11.0,5,
2025,boys,4x400,tri-valley,bay-shore,,5,5.0
2025,boys,4x400,tri-valley,class-a,,5,2.0
2025,boys,4x400,tri-valley,redwood-empire,,5,3.0
2025,boys,800,bay-shore,any,17.0,4,
2025,boys,800,bay-shore,class-a,,4,1.0
2025,boys,800,class-a,any,14.0,0,
2025,boys,800,redwood-empire,any,13.0,6,
2025,boys,800,redwood-empire,class-a,,6,3.0
2025,boys,800,tri-valley,any,12.0,6,
2025,boys,800,tri-valley,class-a,,6,2.0
2025,boys,DT,bay-shore,any,14.0,0,
2025,boys,DT,class-a,any,17.0,1,
2025,boys,DT,class-a,bay-shore,,1,1.0
2025,boys,DT,redwood-empire,any,16.0,6,
2025,boys,DT,redwood-empire,bay-shore,,6,3.0
2025,boys,DT,redwood-empire,class-a,,5,3.0
2025,boys,DT,tri-valley,any,13.0,10,
2025,boys,DT,tri-valley,bay-shore,,10,4.0
2025,boys,DT,tri-valley,class-a,,9,3.0
2025,boys,HJ,bay-shore,any,8.0,0,
2025,boys,HJ,class-a,any,11.0,0,
2025,boys,HJ,redwood-empire,any,16.0,0,
2025,boys,HJ,tri-valley,any,7.0,0,
2025,boys,LJ,bay-shore,any,17.0,7,
2025,boys,LJ,bay-shore,redwood-empire,,7,4.0
2025,boys,LJ,class-a,any,14.0,3,
2025,boys,LJ,class-a,redwood-empire,,3,4.0
2025,boys,LJ,redwood-empire,any,15.0,0,
2025,boys,LJ,tri-valley,any,15.0,11,
2025,boys,LJ,tri-valley,bay-shore,,2,1.0
2025,boys,LJ,tri-valley,class-a,,3,1.0
2025,boys,LJ,tri-valley,redwood-empire,,11,4.0
2025,boys,PV,bay-shore,any,2.0,2,
2025,boys,PV,bay-shore,class-a,,2,1.0
2025,boys,PV,class-a,any,4.0,0,
2025,boys,PV,redwood-empire,any,10.0,10,
2025,boys,PV,redwood-empire,bay-shore,,8,5.0
2025,boys,PV,redwood-empire,class-a,,10,3.0
2025,boys,PV,tri-valley,any,16.0,16,
2025,boys,PV,tri-valley,bay-shore,,16,6.0
2025,boys,PV,tri-valley,class-a,,16,3.0
2025,boys,PV,tri-valley,redwood-empire,,3,2.0
2025,boys,SP,bay-shore,any,17.0,2,
2025,boys,SP,bay-shore,class-a,,2,2.0
2025,boys,SP,class-a,any,15.0,0,
2025,boys,SP,redwood-empire,any,17.0,4,
2025,boys,SP,redwood-empire,class-a,,4,3.0
2025,boys,SP,tri-valley,any,12.0,6,
2025,boys,SP,tri-valley,class-a,,6,3.0
2025,boys,TJ,bay-shore,any,14.0,2,
2025,boys,TJ,bay-shore,redwood-empire,,2,2.0
2025,boys,TJ,class-a,any,18.0,2,
2025,boys,TJ,class-a,redwood-empire,,2,2.0
2025,boys,TJ,redwood-empire,any,13.0,0,
2025,boys,TJ,tri-valley,any,15.0,10,
2025,boys,TJ,tri-valley,redwood-empire,,10,2.0
2025,girls,100,bay-shore,any,14.0,3,
2025,girls,100,bay-shore,class-a,,3,1.0
2025,girls,100,bay-shore,redwood-empire,,1,3.0
2025,girls,100,class-a,any,18.0,0,
2025,girls,100,redwood-empire,any,16.0,0,
2025,girls,100,tri-valley,any,12.0,7,
2025,girls,100,tri-valley,bay-shore,,2,1.0
2025,girls,100,tri-valley,class-a,,7,2.0
2025,girls,100,tri-valley,redwood-empire,,6,4.0
2025,girls,100H,bay-shore,any,16.0,0,
2025,girls,100H,class-a,any,10.0,0,
2025,girls,100H,redwood-empire,any,14.0,1,
2025,girls,100H,redwood-empire,bay-shore,,1,1.0
2025,girls,100H,tri-valley,any,18.0,3,
2025,girls,100H,tri-valley,bay-shore,,3,1.0
2025,girls,1600,bay-shore,any,13.0,0,
2025,girls,1600,class-a,any,14.0,3,
2025,girls,1600,class-a,bay-shore,,3,5.0
2025,girls,1600,redwood-empire,any,13.0,2,
2025,girls,1600,redwood-empire,bay-shore,,2,5.0
2025,girls,1600,tri-valley,any,13.0,7,
2025,girls,1600,tri-valley,bay-shore,,7,5.0
2025,girls,200,bay-shore,any,13.0,1,
2025,girls,200,bay-shore,redwood-empire,,1,1.0
2025,girls,200,class-a,any,14.0,3,
2025,girls,200,class-a,bay-shore,,2,2.0
2025,girls,200,class-a,redwood-empire,,3,3.0
2025,girls,200,redwood-empire,any,14.0,0,
2025,girls,200,tri-valley,any,11.0,6,
2025,girls,200,tri-valley,bay-shore,,4,2.0
2025,girls,200,tri-valley,redwood-empire,,6,3.0
2025,girls,300H,bay-shore,any,13.0,0,
2025,girls,300H,class-a,any,12.0,2,
2025,girls,300H,class-a,bay-shore,,2,1.0
2025,girls,300H,redwood-empire,any,15.0,4,
2025,girls,300H,redwood-empire,bay-shore,,4,1.0
2025,girls,300H,tri-valley,any,15.0,9,
2025,girls,300H,tri-valley,bay-shore,,9,1.0
2025,girls,3200,bay-shore,any,13.0,0,
2025,girls,3200,class-a,any,11.0,0,
2025,girls,3200,redwood-empire,any,16.0,1,
2025,girls,3200,redwood-empire,class-a,,1,2.0
2025,girls,3200,tri-valley,any,15.0,6,
2025,girls,3200,tri-valley,class-a,,6,2.0
2025,girls,400,bay-shore,any,18.0,9,
2025,girls,400,bay-shore,redwood-empire,,9,3.0
2025,girls,400,class-a,any,28.0,1,
2025,girls,400,class-a,bay-shore,,1,1.0
2025,girls,400,class-a,redwood-empire,,1,4.0
2025,girls,400,redwood-empire,any,13.0,0,
2025,girls,400,tri-valley,any,13.0,10,
2025,girls,400,tri-valley,bay-shore,,1,1.0
2025,girls,400,tri-valley,redwood-empire,,10,4.0
2025,girls,4x100,bay-shore,any,14.0,0,
2025,girls,4x100,class-a,any,13.0,0,
2025,girls,4x100,redwood-empire,any,13.0,0,
2025,girls,4x100,tri-valley,any,10.0,6,
2025,girls,4x100,tri-valley,class-a,,6,2.0
2025,girls,4x100,tri-valley,redwood-empire,,5,4.0
2025,girls,4x400,bay-shore,any,7.0,0,
2025,girls,4x400,class-a,any,9.0,1,
2025,girls,4x400,class-a,bay-shore,,1,2.0
2025,girls,4x400,class-a,redwood-empire,,1,3.0
2025,girls,4x400,redwood-empire,any,14.0,3,
2025,girls,4x400,redwood-empire,bay-shore,,3,2.0
2025,girls,4x400,tri-valley,any,9.0,5,
2025,girls,4x400,tri-valley,bay-shore,,5,3.0
2025,girls,4x400,tri-valley,redwood-empire,,3,4.0
2025,girls,800,bay-shore,any,16.0,0,
2025,girls,800,class-a,any,9.0,1,
2025,girls,800,class-a,bay-shore,,1,5.0
2025,girls,800,redwood-empire,any,17.0,3,
2025,girls,800,redwood-empire,bay-shore,,3,5.0
2025,girls,800,tri-valley,any,16.0,3,
2025,girls,800,tri-valley,bay-shore,,3,5.0
2025,girls,DT,bay-shore,any,15.0,0,
2025,girls,DT,class-a,any,15.0,0,
2025,girls,DT,redwood-empire,any,13.0,4,
2025,girls,DT,redwood-empire,bay-shore,,4,2.0
2025,girls,DT,tri-valley,any,16.0,7,
2025,girls,DT,tri-valley,bay-shore,,7,3.0
2025,girls,HJ,bay-shore,any,10.0,3,
2025,girls,HJ,bay-shore,redwood-empire,,3,2.0
2025,girls,HJ,class-a,any,14.0,3,
2025,girls,HJ,class-a,redwood-empire,,3,2.0
2025,girls,HJ,redwood-empire,any,4.0,0,
2025,girls,HJ,tri-valley,any,13.0,3,
2025,girls,HJ,tri-valley,redwood-empire,,3,2.0
2025,girls,LJ,bay-shore,any,14.0,2,
2025,girls,LJ,bay-shore,class-a,,2,3.0
2025,girls,LJ,bay-shore,redwood-empire,,2,3.0
2025,girls,LJ,class-a,any,16.0,0,
2025,girls,LJ,redwood-empire,any,16.0,0,
2025,girls,LJ,tri-valley,any,13.0,5,
2025,girls,LJ,tri-valley,class-a,,5,3.0
2025,girls,LJ,tri-valley,redwood-empire,,5,3.0
2025,girls,PV,bay-shore,any,3.0,0,
2025,girls,PV,class-a,any,5.0,0,
2025,girls,PV,redwood-empire,any,8.0,2,
2025,girls,PV,redwood-empire,bay-shore,,1,1.0
2025,girls,PV,redwood-empire,class-a,,2,1.0
2025,girls,PV,tri-valley,any,12.0,4,
2025,girls,PV,tri-valley,bay-shore,,3,1.0
2025,girls,PV,tri-valley,class-a,,4,1.0
2025,girls,SP,bay-shore,any,15.0,0,
2025,girls,SP,class-a,any,15.0,2,
2025,girls,SP,class-a,bay-shore,,2,3.0
2025,girls,SP,redwood-empire,any,15.0,8,
2025,girls,SP,redwood-empire,bay-shore,,8,3.0
2025,girls,SP,tri-valley,any,14.0,11,
2025,girls,SP,tri-valley,bay-shore,,11,3.0
2025,girls,TJ,bay-shore,any,15.0,6,
2025,girls,TJ,bay-shore,class-a,,6,2.0
2025,girls,TJ,bay-shore,redwood-empire,,1,1.0
2025,girls,TJ,class-a,any,9.0,0,
2025,girls,TJ,redwood-empire,any,15.0,3,
2025,girls,TJ,redwood-empire,class-a,,3,1.0
2025,girls,TJ,tri-valley,any,15.0,2,
2025,girls,TJ,tri-valley,class-a,,2,1.0
2026,boys,100,bay-shore,any,15.0,5,
2026,boys,100,bay-shore,redwood-empire,,5,2.0
2026,boys,100,class-a,any,17.0,4,
2026,boys,100,class-a,redwood-empire,,4,2.0
2026,boys,100,redwood-empire,any,16.0,0,
2026,boys,100,tri-valley,any,14.0,9,
2026,boys,100,tri-valley,bay-shore,,1,1.0
2026,boys,100,tri-valley,class-a,,3,1.0
2026,boys,100,tri-valley,redwood-empire,,9,5.0
2026,boys,110H,bay-shore,any,17.0,0,
2026,boys,110H,class-a,any,15.0,1,
2026,boys,110H,class-a,bay-shore,,1,2.0
2026,boys,110H,class-a,redwood-empire,,1,3.0
2026,boys,110H,redwood-empire,any,16.0,0,
2026,boys,110H,tri-valley,any,14.0,6,
2026,boys,110H,tri-valley,bay-shore,,6,2.0
2026,boys,110H,tri-valley,class-a,,1,1.0
2026,boys,110H,tri-valley,redwood-empire,,5,4.0
2026,boys,1600,bay-shore,any,17.0,0,
2026,boys,1600,class-a,any,13.0,0,
2026,boys,1600,redwood-empire,any,13.0,5,
2026,boys,1600,redwood-empire,bay-shore,,2,3.0
2026,boys,1600,redwood-empire,class-a,,5,2.0
2026,boys,1600,tri-valley,any,13.0,3,
2026,boys,1600,tri-valley,bay-shore,,1,4.0
2026,boys,1600,tri-valley,class-a,,3,2.0
2026,boys,200,bay-shore,any,11.0,1,
2026,boys,200,bay-shore,redwood-empire,,1,2.0
2026,boys,200,class-a,any,14.0,1,
2026,boys,200,class-a,redwood-empire,,1,2.0
2026,boys,200,redwood-empire,any,14.0,0,
2026,boys,200,tri-valley,any,3.0,0,
2026,boys,300H,bay-shore,any,17.0,0,
2026,boys,300H,class-a,any,14.0,4,
2026,boys,300H,class-a,bay-shore,,4,2.0
2026,boys,300H,class-a,redwood-empire,,2,2.0
2026,boys,300H,redwood-empire,any,16.0,1,
2026,boys,300H,redwood-empire,bay-shore,,1,1.0
2026,boys,300H,tri-valley,any,10.0,4,
2026,boys,300H,tri-valley,bay-shore,,4,2.0
2026,boys,300H,tri-valley,redwood-empire,,1,2.0
2026,boys,3200,bay-shore,any,16.0,1,
2026,boys,3200,bay-shore,class-a,,1,1.0
2026,boys,3200,bay-shore,redwood-empire,,1,1.0
2026,boys,3200,class-a,any,13.0,0,
2026,boys,3200,redwood-empire,any,18.0,1,
2026,boys,3200,redwood-empire,class-a,,1,1.0
2026,boys,3200,tri-valley,any,16.0,2,
2026,boys,3200,tri-valley,class-a,,2,1.0
2026,boys,3200,tri-valley,redwood-empire,,1,1.0
2026,boys,400,bay-shore,any,17.0,2,
2026,boys,400,bay-shore,class-a,,2,1.0
2026,boys,400,class-a,any,17.0,0,
2026,boys,400,redwood-empire,any,16.0,1,
2026,boys,400,redwood-empire,class-a,,1,2.0
2026,boys,400,tri-valley,any,13.0,2,
2026,boys,400,tri-valley,class-a,,2,2.0
2026,boys,4x100,bay-shore,any,10.0,7,
2026,boys,4x100,bay-shore,class-a,,7,3.0
2026,boys,4x100,class-a,any,12.0,0,
2026,boys,4x100,redwood-empire,any,15.0,10,
2026,boys,4x100,redwood-empire,class-a,,10,3.0
2026,boys,4x100,tri-valley,any,9.0,6,
2026,boys,4x100,tri-valley,class-a,,6,3.0
2026,boys,4x400,bay-shore,any,12.0,0,
2026,boys,4x400,class-a,any,7.0,0,
2026,boys,4x400,redwood-empire,any,14.0,1,
2026,boys,4x400,redwood-empire,bay-shore,,1,1.0
2026,boys,4x400,redwood-empire,class-a,,1,3.0
2026,boys,4x400,tri-valley,any,11.0,3,
2026,boys,4x400,tri-valley,bay-shore,,2,1.0
2026,boys,4x400,tri-valley,class-a,,3,3.0
2026,boys,4x400,tri-valley,redwood-empire,,2,1.0
2026,boys,800,bay-shore,any,17.0,0,
2026,boys,800,class-a,any,16.0,1,
2026,boys,800,class-a,bay-shore,,1,2.0
2026,boys,800,redwood-empire,any,13.0,3,
2026,boys,800,redwood-empire,bay-shore,,3,3.0
2026,boys,800,redwood-empire,class-a,,1,3.0
2026,boys,800,tri-valley,any,12.0,2,
2026,boys,800,tri-valley,bay-shore,,2,3.0
2026,boys,800,tri-valley,class-a,,1,3.0
2026,boys,DT,bay-shore,any,18.0,0,
2026,boys,DT,class-a,any,20.0,1,
2026,boys,DT,class-a,bay-shore,,1,1.0
2026,boys,DT,redwood-empire,any,16.0,2,
2026,boys,DT,redwood-empire,bay-shore,,2,2.0
2026,boys,DT,tri-valley,any,14.0,5,
2026,boys,DT,tri-valley,bay-shore,,5,2.0
2026,boys,HJ,bay-shore,any,11.0,0,
2026,boys,HJ,class-a,any,11.0,1,
2026,boys,HJ,class-a,bay-shore,,1,1.0
2026,boys,HJ,redwood-empire,any,12.0,0,
2026,boys,HJ,tri-valley,any,13.0,0,
2026,boys,LJ,bay-shore,any,15.0,0,
2026,boys,LJ,class-a,any,16.0,0,
2026,boys,LJ,redwood-empire,any,16.0,0,
2026,boys,LJ,tri-valley,any,15.0,0,
2026,boys,PV,bay-shore,any,7.0,0,
2026,boys,PV,class-a,any,6.0,1,
2026,boys,PV,class-a,bay-shore,,1,2.0
2026,boys,PV,redwood-empire,any,12.0,1,
2026,boys,PV,redwood-empire,bay-shore,,1,2.0
2026,boys,PV,redwood-empire,class-a,,1,1.0
2026,boys,PV,tri-valley,any,12.0,9,
2026,boys,PV,tri-valley,bay-shore,,9,6.0
2026,boys,PV,tri-valley,class-a,,9,1.0
2026,boys,PV,tri-valley,redwood-empire,,7,4.0
2026,boys,SP,bay-shore,any,15.0,0,
2026,boys,SP,class-a,any,16.0,1,
2026,boys,SP,class-a,bay-shore,,1,2.0
2026,boys,SP,redwood-empire,any,17.0,3,
2026,boys,SP,redwood-empire,bay-shore,,3,3.0
2026,boys,SP,redwood-empire,class-a,,3,1.0
2026,boys,SP,tri-valley,any,14.0,3,
2026,boys,SP,tri-valley,bay-shore,,3,3.0
2026,boys,SP,tri-valley,class-a,,3,1.0
2026,boys,TJ,bay-shore,any,18.0,10,
2026,boys,TJ,bay-shore,class-a,,10,2.0
2026,boys,TJ,class-a,any,10.0,0,
2026,boys,TJ,redwood-empire,any,13.0,11,
2026,boys,TJ,redwood-empire,bay-shore,,1,1.0
2026,boys,TJ,redwood-empire,class-a,,11,2.0
2026,boys,TJ,tri-valley,any,15.0,11,
2026,boys,TJ,tri-valley,bay-shore,,1,1.0
2026,boys,TJ,tri-valley,class-a,,11,2.0
2026,girls,100,bay-shore,any,13.0,5,
2026,girls,100,bay-shore,class-a,,3,3.0
2026,girls,100,bay-shore,redwood-empire,,5,5.0
2026,girls,100,class-a,any,16.0,4,
2026,girls,100,class-a,redwood-empire,,4,3.0
2026,girls,100,redwood-empire,any,15.0,0,
2026,girls,100,tri-valley,any,18.0,9,
2026,girls,100,tri-valley,class-a,,7,3.0
2026,girls,100,tri-valley,redwood-empire,,9,5.0
2026,girls,100H,bay-shore,any,16.0,3,
2026,girls,100H,bay-shore,class-a,,3,2.0
2026,girls,100H,bay-shore,redwood-empire,,3,2.0
2026,girls,100H,class-a,any,14.0,0,
2026,girls,100H,redwood-empire,any,16.0,0,
2026,girls,100H,tri-valley,any,13.0,9,
2026,girls,100H,tri-valley,bay-shore,,6,3.0
2026,girls,100H,tri-valley,class-a,,9,3.0
2026,girls,100H,tri-valley,redwood-empire,,9,2.0
2026,girls,1600,bay-shore,any,16.0,0,
2026,girls,1600,class-a,any,15.0,1,
2026,girls,1600,class-a,bay-shore,,1,1.0
2026,girls,1600,redwood-empire,any,15.0,0,
2026,girls,1600,tri-valley,any,12.0,0,
2026,girls,200,bay-shore,any,15.0,10,
2026,girls,200,bay-shore,class-a,,1,1.0
2026,girls,200,bay-shore,redwood-empire,,10,5.0
2026,girls,200,class-a,any,14.0,5,
2026,girls,200,class-a,redwood-empire,,5,5.0
2026,girls,200,redwood-empire,any,13.0,0,
2026,girls,200,tri-valley,any,15.0,11,
2026,girls,200,tri-valley,class-a,,1,1.0
2026,girls,200,tri-valley,redwood-empire,,11,5.0
2026,girls,300H,bay-shore,any,14.0,0,
2026,girls,300H,class-a,any,14.0,3,
2026,girls,300H,class-a,bay-shore,,3,3.0
2026,girls,300H,redwood-empire,any,14.0,2,
2026,girls,300H,redwood-empire,bay-shore,,2,3.0
2026,girls,300H,tri-valley,any,10.0,5,
2026,girls,300H,tri-valley,bay-shore,,5,3.0
2026,girls,3200,bay-shore,any,14.0,6,
2026,girls,3200,bay-shore,redwood-empire,,6,2.0
2026,girls,3200,class-a,any,13.0,4,
2026,girls,3200,class-a,bay-shore,,2,5.0
2026,girls,3200,class-a,redwood-empire,,4,4.0
2026,girls,3200,redwood-empire,any,12.0,0,
2026,girls,3200,tri-valley,any,14.0,12,
2026,girls,3200,tri-valley,bay-shore,,4,5.0
2026,girls,3200,tri-valley,redwood-empire,,12,4.0
2026,girls,400,bay-shore,any,16.0,0,
2026,girls,400,class-a,any,17.0,0,
2026,girls,400,redwood-empire,any,17.0,4,
2026,girls,400,redwood-empire,bay-shore,,4,1.0
2026,girls,400,redwood-empire,class-a,,3,1.0
2026,girls,400,tri-valley,any,12.0,9,
2026,girls,400,tri-valley,bay-shore,,9,1.0
2026,girls,400,tri-valley,class-a,,9,1.0
2026,girls,400,tri-valley,redwood-empire,,5,3.0
2026,girls,4x100,bay-shore,any,13.0,1,
2026,girls,4x100,bay-shore,class-a,,1,1.0
2026,girls,4x100,class-a,any,9.0,0,
2026,girls,4x100,redwood-empire,any,16.0,0,
2026,girls,4x100,tri-valley,any,9.0,3,
2026,girls,4x100,tri-valley,bay-shore,,3,3.0
2026,girls,4x100,tri-valley,class-a,,3,3.0
2026,girls,4x400,bay-shore,any,5.0,0,
2026,girls,4x400,class-a,any,7.0,1,
2026,girls,4x400,class-a,bay-shore,,1,1.0
2026,girls,4x400,redwood-empire,any,11.0,3,
2026,girls,4x400,redwood-empire,bay-shore,,3,3.0
2026,girls,4x400,tri-valley,any,8.0,6,
2026,girls,4x400,tri-valley,bay-shore,,6,5.0
2026,girls,4x400,tri-valley,class-a,,1,1.0
2026,girls,800,bay-shore,any,14.0,0,
2026,girls,800,class-a,any,12.0,1,
2026,girls,800,class-a,bay-shore,,1,1.0
2026,girls,800,redwood-empire,any,14.0,6,
2026,girls,800,redwood-empire,bay-shore,,6,2.0
2026,girls,800,tri-valley,any,15.0,10,
2026,girls,800,tri-valley,bay-shore,,10,6.0
2026,girls,800,tri-valley,redwood-empire,,4,2.0
2026,girls,DT,bay-shore,any,17.0,6,
2026,girls,DT,bay-shore,class-a,,6,2.0
2026,girls,DT,class-a,any,16.0,0,
2026,girls,DT,redwood-empire,any,15.0,5,
2026,girls,DT,redwood-empire,class-a,,5,2.0
2026,girls,DT,tri-valley,any,15.0,6,
2026,girls,DT,tri-valley,class-a,,6,2.0
2026,girls,HJ,bay-shore,any,15.0,0,
2026,girls,HJ,class-a,any,8.0,0,
2026,girls,HJ,redwood-empire,any,15.0,0,
2026,girls,HJ,tri-valley,any,12.0,0,
2026,girls,LJ,bay-shore,any,13.0,3,
2026,girls,LJ,bay-shore,class-a,,1,2.0
2026,girls,LJ,bay-shore,tri-valley,,3,1.0
2026,girls,LJ,class-a,any,18.0,2,
2026,girls,LJ,class-a,tri-valley,,2,1.0
2026,girls,LJ,redwood-empire,any,16.0,7,
2026,girls,LJ,redwood-empire,class-a,,1,2.0
2026,girls,LJ,redwood-empire,tri-valley,,7,1.0
2026,girls,LJ,tri-valley,any,16.0,0,
2026,girls,PV,bay-shore,any,7.0,1,
2026,girls,PV,bay-shore,class-a,,1,2.0
2026,girls,PV,class-a,any,4.0,0,
2026,girls,PV,redwood-empire,any,12.0,6,
2026,girls,PV,redwood-empire,class-a,,6,2.0
2026,girls,PV,tri-valley,any,10.0,5,
2026,girls,PV,tri-valley,class-a,,5,2.0
2026,girls,SP,bay-shore,any,15.0,1,
2026,girls,SP,bay-shore,class-a,,1,1.0
2026,girls,SP,class-a,any,17.0,0,
2026,girls,SP,redwood-empire,any,14.0,4,
2026,girls,SP,redwood-empire,class-a,,4,1.0
2026,girls,SP,tri-valley,any,14.0,4,
2026,girls,SP,tri-valley,class-a,,4,3.0
2026,girls,SP,tri-valley,redwood-empire,,1,1.0
2026,girls,TJ,bay-shore,any,15.0,0,
2026,girls,TJ,class-a,any,12.0,0,
2026,girls,TJ,redwood-empire,any,16.0,0,
2026,girls,TJ,tri-valley,any,17.0,0,
