season,area,beaten_area,beaten_autos,competed,made_final,median_moc_place
2022,tri-valley,tri-valley,0,0,,
2022,tri-valley,bay-shore,44,41,0,19.0
2022,tri-valley,redwood-empire,34,32,0,20.0
2022,tri-valley,class-a,42,42,1,20.0
2022,tri-valley,all,120,115,1,20.0
2022,bay-shore,tri-valley,0,0,,
2022,bay-shore,bay-shore,0,0,,
2022,bay-shore,redwood-empire,19,17,0,20.0
2022,bay-shore,class-a,23,23,0,20.0
2022,bay-shore,all,42,40,0,20.0
2022,redwood-empire,tri-valley,0,0,,
2022,redwood-empire,bay-shore,32,29,0,19.0
2022,redwood-empire,redwood-empire,0,0,,
2022,redwood-empire,class-a,22,21,0,20.0
2022,redwood-empire,all,54,50,0,20.0
2022,class-a,tri-valley,0,0,,
2022,class-a,bay-shore,24,22,0,19.5
2022,class-a,redwood-empire,1,1,,
2022,class-a,class-a,0,0,,
2022,class-a,all,25,23,0,20.0
2022,all,tri-valley,0,0,,
2022,all,bay-shore,50,47,0,19.0
2022,all,redwood-empire,36,34,0,20.0
2022,all,class-a,43,42,1,20.0
2022,all,all,129,123,1,20.0
2023,tri-valley,tri-valley,0,0,,
2023,tri-valley,bay-shore,51,48,1,19.0
2023,tri-valley,redwood-empire,45,44,2,17.0
2023,tri-valley,class-a,34,34,1,21.0
2023,tri-valley,all,130,126,4,19.0
2023,bay-shore,tri-valley,2,2,,
2023,bay-shore,bay-shore,0,0,,
2023,bay-shore,redwood-empire,8,8,1,17.5
2023,bay-shore,class-a,14,14,0,23.0
2023,bay-shore,all,24,24,1,22.0
2023,redwood-empire,tri-valley,2,2,,
2023,redwood-empire,bay-shore,26,24,1,20.5
2023,redwood-empire,redwood-empire,0,0,,
2023,redwood-empire,class-a,22,22,0,20.5
2023,redwood-empire,all,50,48,1,21.0
2023,class-a,tri-valley,0,0,,
2023,class-a,bay-shore,14,13,0,20.0
2023,class-a,redwood-empire,1,1,,
2023,class-a,class-a,0,0,,
2023,class-a,all,15,14,0,20.5
2023,all,tri-valley,2,2,,
2023,all,bay-shore,52,49,1,19.5
2023,all,redwood-empire,45,44,2,17.0
2023,all,class-a,36,36,1,21.0
2023,all,all,135,131,4,19.0
2024,tri-valley,tri-valley,0,0,,
2024,tri-valley,bay-shore,34,33,1,20.0
2024,tri-valley,redwood-empire,44,43,0,20.0
2024,tri-valley,class-a,29,28,2,21.0
2024,tri-valley,all,107,104,3,20.0
2024,bay-shore,tri-valley,0,0,,
2024,bay-shore,bay-shore,0,0,,
2024,bay-shore,redwood-empire,21,20,0,21.0
2024,bay-shore,class-a,16,15,2,23.0
2024,bay-shore,all,37,35,2,22.0
2024,redwood-empire,tri-valley,0,0,,
2024,redwood-empire,bay-shore,14,13,0,21.0
2024,redwood-empire,redwood-empire,0,0,,
2024,redwood-empire,class-a,18,17,0,22.0
2024,redwood-empire,all,32,30,0,21.5
2024,class-a,tri-valley,0,0,,
2024,class-a,bay-shore,7,7,0,22.0
2024,class-a,redwood-empire,20,20,0,21.5
2024,class-a,class-a,0,0,,
2024,class-a,all,27,27,0,22.0
2024,all,tri-valley,0,0,,
2024,all,bay-shore,36,35,1,20.0
2024,all,redwood-empire,45,44,0,20.5
2024,all,class-a,30,29,2,21.0
2024,all,all,111,108,3,20.0
2025,tri-valley,tri-valley,0,0,,
2025,tri-valley,bay-shore,57,57,2,19.0
2025,tri-valley,redwood-empire,44,43,0,20.0
2025,tri-valley,class-a,38,36,2,21.0
2025,tri-valley,all,139,136,4,20.0
2025,bay-shore,tri-valley,0,0,,
2025,bay-shore,bay-shore,0,0,,
2025,bay-shore,redwood-empire,21,20,0,20.5
2025,bay-shore,class-a,18,17,0,22.0
2025,bay-shore,all,39,37,0,21.0
2025,redwood-empire,tri-valley,0,0,,
2025,redwood-empire,bay-shore,39,39,0,20.0
2025,redwood-empire,redwood-empire,0,0,,
2025,redwood-empire,class-a,23,23,1,22.0
2025,redwood-empire,all,62,62,1,21.0
2025,class-a,tri-valley,0,0,,
2025,class-a,bay-shore,23,23,0,20.0
2025,class-a,redwood-empire,19,19,0,20.0
2025,class-a,class-a,0,0,,
2025,class-a,all,42,42,0,20.0
2025,all,tri-valley,0,0,,
2025,all,bay-shore,57,57,2,19.0
2025,all,redwood-empire,45,44,0,20.0
2025,all,class-a,40,38,2,21.0
2025,all,all,142,139,4,20.0
2026,tri-valley,tri-valley,0,0,,
2026,tri-valley,bay-shore,51,50,2,20.0
2026,tri-valley,redwood-empire,39,37,1,19.0
2026,tri-valley,class-a,39,37,0,20.0
2026,tri-valley,all,129,124,3,20.0
2026,bay-shore,tri-valley,1,1,,
2026,bay-shore,bay-shore,0,0,,
2026,bay-shore,redwood-empire,19,18,0,21.0
2026,bay-shore,class-a,21,19,0,20.0
2026,bay-shore,all,41,38,0,21.0
2026,redwood-empire,tri-valley,1,1,,
2026,redwood-empire,bay-shore,25,24,0,21.5
2026,redwood-empire,redwood-empire,0,0,,
2026,redwood-empire,class-a,26,25,0,20.0
2026,redwood-empire,all,52,50,0,21.0
2026,class-a,tri-valley,1,1,,
2026,class-a,bay-shore,23,22,2,21.0
2026,class-a,redwood-empire,21,20,1,21.0
2026,class-a,class-a,0,0,,
2026,class-a,all,45,43,3,21.0
2026,all,tri-valley,1,1,,
2026,all,bay-shore,53,52,2,20.0
2026,all,redwood-empire,41,39,1,20.0
2026,all,class-a,41,39,0,20.0
2026,all,all,136,131,3,20.0
2022-2026 pooled,tri-valley,tri-valley,0,0,,
2022-2026 pooled,tri-valley,bay-shore,237,229,6,19.0
2022-2026 pooled,tri-valley,redwood-empire,206,199,3,19.0
2022-2026 pooled,tri-valley,class-a,182,177,6,21.0
2022-2026 pooled,tri-valley,all,625,605,15,20.0
2022-2026 pooled,bay-shore,tri-valley,3,3,,
2022-2026 pooled,bay-shore,bay-shore,0,0,,
2022-2026 pooled,bay-shore,redwood-empire,88,83,1,20.5
2022-2026 pooled,bay-shore,class-a,92,88,2,21.0
2022-2026 pooled,bay-shore,all,183,174,3,21.0
2022-2026 pooled,redwood-empire,tri-valley,3,3,,
2022-2026 pooled,redwood-empire,bay-shore,136,129,1,21.0
2022-2026 pooled,redwood-empire,redwood-empire,0,0,,
2022-2026 pooled,redwood-empire,class-a,111,108,1,21.0
2022-2026 pooled,redwood-empire,all,250,240,2,21.0
2022-2026 pooled,class-a,tri-valley,1,1,,
2022-2026 pooled,class-a,bay-shore,91,87,2,20.0
2022-2026 pooled,class-a,redwood-empire,62,61,1,21.0
2022-2026 pooled,class-a,class-a,0,0,,
2022-2026 pooled,class-a,all,154,149,3,21.0
2022-2026 pooled,all,tri-valley,3,3,,
2022-2026 pooled,all,bay-shore,248,240,6,19.0
2022-2026 pooled,all,redwood-empire,212,205,3,19.0
2022-2026 pooled,all,class-a,190,184,6,21.0
2022-2026 pooled,all,all,653,632,15,20.0
