season,area,spots_earned,declared,no_show,no_show_rate,not_declared,vacancies_refilled,empty_lanes,empty_lane_rate
2022,bay-shore,200,190,6,0.0316,10,10,6,0.03
2022,class-a,98,86,1,0.0116,12,8,5,0.051
2022,redwood-empire,212,183,3,0.0164,29,11,21,0.0991
2022,tri-valley,270,258,8,0.031,12,5,15,0.0556
2023,bay-shore,209,193,10,0.0518,16,7,19,0.0909
2023,class-a,101,91,5,0.0549,10,8,7,0.0693
2023,redwood-empire,217,209,10,0.0478,8,5,13,0.0599
2023,tri-valley,280,252,3,0.0119,28,9,22,0.0786
2024,bay-shore,210,201,13,0.0647,9,5,17,0.081
2024,class-a,108,94,1,0.0106,14,7,8,0.0741
2024,redwood-empire,203,189,4,0.0212,14,10,8,0.0394
2024,tri-valley,292,272,3,0.011,20,4,19,0.0651
2025,bay-shore,197,185,4,0.0216,12,10,6,0.0305
2025,class-a,105,95,6,0.0632,10,5,11,0.1048
2025,redwood-empire,216,199,4,0.0201,17,12,9,0.0417
2025,tri-valley,288,270,3,0.0111,18,6,15,0.0521
2026,bay-shore,207,202,4,0.0198,5,3,6,0.029
2026,class-a,101,93,6,0.0645,8,5,9,0.0891
2026,redwood-empire,216,193,3,0.0155,23,9,17,0.0787
2026,tri-valley,294,277,4,0.0144,17,7,14,0.0476
