season,area,spots_earned,guaranteed_spots,declared,no_show,no_show_rate,not_declared,vacancies_refilled,unfilled_spots,unfilled_rate,unused_not_refilled
2022,bay-shore,200,198,190,6,0.0316,10,10,3,0.0152,6
2022,class-a,98,98,86,1,0.0116,12,8,2,0.0204,5
2022,redwood-empire,212,212,183,3,0.0164,29,11,13,0.0613,21
2022,tri-valley,270,268,258,8,0.031,12,5,11,0.041,15
2023,bay-shore,209,207,193,10,0.0518,16,7,11,0.0531,19
2023,class-a,101,100,91,5,0.0549,10,8,5,0.05,7
2023,redwood-empire,217,216,209,10,0.0478,8,5,10,0.0463,13
2023,tri-valley,280,263,252,3,0.0119,28,9,5,0.019,22
2024,bay-shore,210,207,201,13,0.0647,9,5,12,0.058,17
2024,class-a,108,103,94,1,0.0106,14,7,2,0.0194,8
2024,redwood-empire,203,201,189,4,0.0212,14,10,4,0.0199,8
2024,tri-valley,292,266,272,3,0.011,20,4,7,0.0263,19
2025,bay-shore,197,196,185,4,0.0216,12,10,1,0.0051,6
2025,class-a,105,102,95,6,0.0632,10,5,5,0.049,11
2025,redwood-empire,216,209,199,4,0.0201,17,12,5,0.0239,9
2025,tri-valley,288,269,270,3,0.0111,18,6,4,0.0149,15
2026,bay-shore,207,204,202,4,0.0198,5,3,4,0.0196,6
2026,class-a,101,98,93,6,0.0645,8,5,6,0.0612,9
2026,redwood-empire,216,209,193,3,0.0155,23,9,6,0.0287,17
2026,tri-valley,294,264,277,4,0.0144,17,7,5,0.0189,14
