area,gender,event_code,seasons_flagged,seasons,total_all_seasons,seasons_analysed,metric
tri-valley,boys,800,4,2023|2024|2025|2026,8,5,empty_lanes
tri-valley,boys,1600,4,2022|2023|2024|2026,7,5,empty_lanes
bay-shore,boys,200,4,2022|2023|2024|2026,6,5,empty_lanes
tri-valley,girls,800,4,2023|2024|2025|2026,6,5,empty_lanes
bay-shore,boys,LJ,4,2023|2024|2025|2026,5,5,empty_lanes
bay-shore,girls,LJ,4,2022|2023|2024|2026,5,5,empty_lanes
tri-valley,girls,200,4,2022|2023|2025|2026,5,5,empty_lanes
redwood-empire,girls,DT,4,2022|2023|2025|2026,4,5,empty_lanes
tri-valley,girls,3200,4,2022|2024|2025|2026,4,5,empty_lanes
tri-valley,girls,HJ,3,2022|2023|2026,8,5,empty_lanes
redwood-empire,boys,800,3,2024|2025|2026,6,5,empty_lanes
bay-shore,girls,DT,3,2022|2023|2024,5,5,empty_lanes
bay-shore,girls,SP,3,2022|2023|2024,5,5,empty_lanes
bay-shore,boys,300H,3,2023|2024|2025,4,5,empty_lanes
class-a,girls,1600,3,2022|2024|2026,4,5,empty_lanes
redwood-empire,boys,200,3,2023|2024|2025,4,5,empty_lanes
redwood-empire,boys,LJ,3,2022|2024|2026,4,5,empty_lanes
bay-shore,girls,1600,3,2023|2024|2025,3,5,empty_lanes
class-a,boys,HJ,3,2023|2025|2026,3,5,empty_lanes
class-a,girls,800,3,2024|2025|2026,3,5,empty_lanes
class-a,girls,TJ,3,2023|2024|2025,3,5,empty_lanes
redwood-empire,boys,400,3,2022|2024|2026,3,5,empty_lanes
