season,gender,event_code,area,spots_earned,declared,competed,no_show,not_declared,not_declared_chose_other_events,not_declared_did_not_declare,vacancies_refilled,guaranteed_spots,unfilled_spots,not_declared_individual,not_declared_competed_other_event,refilled_by_area,replacements_from_this_area,g_competed,g_refilled,g_unfilled,g_chose_another_event,g_did_not_enter,al_competed,al_refilled,al_chose_another_event,al_did_not_enter,at_large_spots,unused_total,utilization_rate,unused_not_refilled,other_unused,unfilled_rate,guaranteed_used,guaranteed_used_rate,no_show_rate,double_qualifier_share
2022,boys,100,bay-shore,6,6,6,0,0,0,0,0,6,0,0,0,,0,6,0,0,0,0,0,0,0,0,0,0,1.0,0,0,0.0,6,1.0,0.0,
2022,boys,100,class-a,3,2,2,0,1,0,1,0,3,0,1,1,,0,2,0,0,1,0,0,0,0,0,0,1,0.6667,1,1,0.0,2,0.6667,0.0,1.0
2022,boys,100,redwood-empire,6,6,6,0,0,0,0,0,6,0,0,0,,0,6,0,0,0,0,0,0,0,0,0,0,1.0,0,0,0.0,6,1.0,0.0,
2022,boys,100,tri-valley,10,9,9,0,1,1,0,0,10,0,1,1,,0,9,0,0,1,0,0,0,0,0,0,1,0.9,1,1,0.0,9,0.9,0.0,1.0
2022,boys,110H,bay-shore,6,6,6,0,0,0,0,0,6,0,0,0,,0,6,0,0,0,0,0,0,0,0,0,0,1.0,0,0,0.0,6,1.0,0.0,
2022,boys,110H,class-a,3,3,3,0,0,0,0,0,3,0,0,0,,0,3,0,0,0,0,0,0,0,0,0,0,1.0,0,0,0.0,3,1.0,0.0,
2022,boys,110H,redwood-empire,7,6,6,0,1,0,1,0,7,1,1,1,,0,6,0,1,0,0,0,0,0,0,0,1,0.8571,1,0,0.1429,6,0.8571,0.0,1.0
2022,boys,110H,tri-valley,8,7,6,1,1,1,0,0,8,2,1,0,,0,6,0,2,0,0,0,0,0,0,0,2,0.75,2,0,0.25,6,0.75,0.1429,0.0
2022,boys,1600,bay-shore,6,4,4,0,2,2,0,2,6,0,2,2,bay-shore:2,2,4,2,0,0,0,0,0,0,0,0,2,0.6667,0,0,0.0,6,1.0,0.0,1.0
2022,boys,1600,class-a,3,2,2,0,1,1,0,1,3,0,1,1,class-a:1,1,2,1,0,0,0,0,0,0,0,0,1,0.6667,0,0,0.0,3,1.0,0.0,1.0
2022,boys,1600,redwood-empire,6,6,6,0,0,0,0,0,6,0,0,0,,0,6,0,0,0,0,0,0,0,0,0,0,1.0,0,0,0.0,6,1.0,0.0,
2022,boys,1600,tri-valley,9,8,7,1,1,1,0,1,9,1,1,1,tri-valley:1,1,7,1,1,0,0,0,0,0,0,0,2,0.7778,1,0,0.1111,8,0.8889,0.125,1.0
2022,boys,200,bay-shore,8,8,7,1,0,0,0,0,6,0,0,0,,0,5,0,0,0,1,2,0,0,0,2,1,0.875,1,1,0.0,5,0.8333,0.125,
2022,boys,200,class-a,3,2,2,0,1,1,0,0,3,0,1,1,,0,2,0,0,1,0,0,0,0,0,0,1,0.6667,1,1,0.0,2,0.6667,0.0,1.0
2022,boys,200,redwood-empire,6,5,5,0,1,1,0,1,6,0,1,1,redwood-empire:1,1,5,1,0,0,0,0,0,0,0,0,1,0.8333,0,0,0.0,6,1.0,0.0,1.0
2022,boys,200,tri-valley,11,11,11,0,0,0,0,0,9,0,0,0,,0,9,0,0,0,0,2,0,0,0,2,0,1.0,0,0,0.0,9,1.0,0.0,
2022,boys,300H,bay-shore,6,6,6,0,0,0,0,0,6,0,0,0,,0,6,0,0,0,0,0,0,0,0,0,0,1.0,0,0,0.0,6,1.0,0.0,
2022,boys,300H,class-a,3,3,3,0,0,0,0,0,3,0,0,0,,0,3,0,0,0,0,0,0,0,0,0,0,1.0,0,0,0.0,3,1.0,0.0,
2022,boys,300H,redwood-empire,6,4,4,0,2,1,1,1,6,1,2,2,redwood-empire:1,1,4,1,1,0,0,0,0,0,0,0,2,0.6667,1,0,0.1667,5,0.8333,0.0,1.0
2022,boys,300H,tri-valley,9,7,7,0,2,2,0,1,9,1,2,1,tri-valley:1,1,7,1,1,0,0,0,0,0,0,0,2,0.7778,1,0,0.1111,8,0.8889,0.0,0.5
2022,boys,3200,bay-shore,6,6,6,0,0,0,0,0,6,0,0,0,,0,6,0,0,0,0,0,0,0,0,0,0,1.0,0,0,0.0,6,1.0,0.0,
2022,boys,3200,class-a,3,3,3,0,0,0,0,0,3,0,0,0,,0,3,0,0,0,0,0,0,0,0,0,0,1.0,0,0,0.0,3,1.0,0.0,
2022,boys,3200,redwood-empire,6,6,6,0,0,0,0,0,6,0,0,0,,0,6,0,0,0,0,0,0,0,0,0,0,1.0,0,0,0.0,6,1.0,0.0,
2022,boys,3200,tri-valley,9,9,9,0,0,0,0,0,9,0,0,0,,0,9,0,0,0,0,0,0,0,0,0,0,1.0,0,0,0.0,9,1.0,0.0,
2022,boys,400,bay-shore,6,6,6,0,0,0,0,0,6,0,0,0,,0,6,0,0,0,0,0,0,0,0,0,0,1.0,0,0,0.0,6,1.0,0.0,
2022,boys,400,class-a,3,2,2,0,1,1,0,1,3,0,1,1,class-a:1,1,2,1,0,0,0,0,0,0,0,0,1,0.6667,0,0,0.0,3,1.0,0.0,1.0
2022,boys,400,redwood-empire,6,5,5,0,1,0,1,0,6,0,1,0,,0,5,0,0,0,1,0,0,0,0,0,1,0.8333,1,1,0.0,5,0.8333,0.0,0.0
2022,boys,400,tri-valley,9,9,9,0,0,0,0,0,9,0,0,0,,0,9,0,0,0,0,0,0,0,0,0,0,1.0,0,0,0.0,9,1.0,0.0,
2022,boys,4x100,bay-shore,6,6,6,0,0,0,0,0,6,0,0,0,,0,6,0,0,0,0,0,0,0,0,0,0,1.0,0,0,0.0,6,1.0,0.0,
2022,boys,4x100,class-a,3,3,3,0,0,0,0,0,3,0,0,0,,0,3,0,0,0,0,0,0,0,0,0,0,1.0,0,0,0.0,3,1.0,0.0,
2022,boys,4x100,redwood-empire,6,6,6,0,0,0,0,0,6,0,0,0,,0,6,0,0,0,0,0,0,0,0,0,0,1.0,0,0,0.0,6,1.0,0.0,
2022,boys,4x100,tri-valley,9,9,9,0,0,0,0,0,9,0,0,0,,0,9,0,0,0,0,0,0,0,0,0,0,1.0,0,0,0.0,9,1.0,0.0,
2022,boys,4x400,bay-shore,8,8,8,0,0,0,0,0,8,0,0,0,,0,8,0,0,0,0,0,0,0,0,0,0,1.0,0,0,0.0,8,1.0,0.0,
2022,boys,4x400,class-a,3,2,2,0,1,0,1,0,3,1,0,0,,0,2,0,1,0,0,0,0,0,0,0,1,0.6667,1,0,0.3333,2,0.6667,0.0,
2022,boys,4x400,redwood-empire,6,6,6,0,0,0,0,0,6,0,0,0,,0,6,0,0,0,0,0,0,0,0,0,0,1.0,0,0,0.0,6,1.0,0.0,
2022,boys,4x400,tri-valley,7,6,5,1,1,1,0,0,7,2,0,0,,0,5,0,2,0,0,0,0,0,0,0,2,0.7143,2,0,0.2857,5,0.7143,0.1667,
2022,boys,800,bay-shore,6,6,6,0,0,0,0,0,6,0,0,0,,0,6,0,0,0,0,0,0,0,0,0,0,1.0,0,0,0.0,6,1.0,0.0,
2022,boys,800,class-a,3,3,3,0,0,0,0,0,3,0,0,0,,0,3,0,0,0,0,0,0,0,0,0,0,1.0,0,0,0.0,3,1.0,0.0,
2022,boys,800,redwood-empire,7,7,7,0,0,0,0,0,7,0,0,0,,0,7,0,0,0,0,0,0,0,0,0,0,1.0,0,0,0.0,7,1.0,0.0,
2022,boys,800,tri-valley,8,8,8,0,0,0,0,0,8,0,0,0,,0,8,0,0,0,0,0,0,0,0,0,0,1.0,0,0,0.0,8,1.0,0.0,
2022,boys,DT,bay-shore,6,5,5,0,1,0,1,1,6,0,1,0,bay-shore:1,1,5,1,0,0,0,0,0,0,0,0,1,0.8333,0,0,0.0,6,1.0,0.0,0.0
2022,boys,DT,class-a,3,3,3,0,0,0,0,0,3,0,0,0,,0,3,0,0,0,0,0,0,0,0,0,0,1.0,0,0,0.0,3,1.0,0.0,
2022,boys,DT,redwood-empire,8,7,7,0,1,0,1,1,8,0,1,0,redwood-empire:1,1,7,1,0,0,0,0,0,0,0,0,1,0.875,0,0,0.0,8,1.0,0.0,0.0
2022,boys,DT,tri-valley,7,7,6,1,0,0,0,0,7,1,0,0,,0,6,0,1,0,0,0,0,0,0,0,1,0.8571,1,0,0.1429,6,0.8571,0.1429,
2022,boys,HJ,bay-shore,6,6,6,0,0,0,0,0,6,0,0,0,,0,6,0,0,0,0,0,0,0,0,0,0,1.0,0,0,0.0,6,1.0,0.0,
2022,boys,HJ,class-a,3,3,3,0,0,0,0,0,3,0,0,0,,0,3,0,0,0,0,0,0,0,0,0,0,1.0,0,0,0.0,3,1.0,0.0,
2022,boys,HJ,redwood-empire,7,7,7,0,0,0,0,0,7,0,0,0,,0,7,0,0,0,0,0,0,0,0,0,0,1.0,0,0,0.0,7,1.0,0.0,
2022,boys,HJ,tri-valley,10,10,10,0,0,0,0,0,10,0,0,0,,0,10,0,0,0,0,0,0,0,0,0,0,1.0,0,0,0.0,10,1.0,0.0,
2022,boys,LJ,bay-shore,7,7,7,0,0,0,0,0,7,0,0,0,,0,7,0,0,0,0,0,0,0,0,0,0,1.0,0,0,0.0,7,1.0,0.0,
2022,boys,LJ,class-a,4,3,3,0,1,0,1,1,4,0,1,0,class-a:1,1,3,1,0,0,0,0,0,0,0,0,1,0.75,0,0,0.0,4,1.0,0.0,0.0
2022,boys,LJ,redwood-empire,6,5,5,0,1,0,1,0,6,1,1,0,,0,5,0,1,0,0,0,0,0,0,0,1,0.8333,1,0,0.1667,5,0.8333,0.0,0.0
2022,boys,LJ,tri-valley,7,7,6,1,0,0,0,0,7,1,0,0,,0,6,0,1,0,0,0,0,0,0,0,1,0.8571,1,0,0.1429,6,0.8571,0.1429,
2022,boys,PV,bay-shore,6,6,5,1,0,0,0,0,6,1,0,0,,0,5,0,1,0,0,0,0,0,0,0,1,0.8333,1,0,0.1667,5,0.8333,0.1667,
2022,boys,PV,class-a,2,2,2,0,0,0,0,0,2,0,0,0,,0,2,0,0,0,0,0,0,0,0,0,0,1.0,0,0,0.0,2,1.0,0.0,
2022,boys,PV,redwood-empire,6,5,5,0,1,1,0,1,6,0,1,1,redwood-empire:1,1,5,1,0,0,0,0,0,0,0,0,1,0.8333,0,0,0.0,6,1.0,0.0,1.0
2022,boys,PV,tri-valley,10,10,9,1,0,0,0,0,10,1,0,0,,0,9,0,1,0,0,0,0,0,0,0,1,0.9,1,0,0.1,9,0.9,0.1,
2022,boys,SP,bay-shore,6,6,6,0,0,0,0,0,6,0,0,0,,0,6,0,0,0,0,0,0,0,0,0,0,1.0,0,0,0.0,6,1.0,0.0,
2022,boys,SP,class-a,3,3,3,0,0,0,0,0,3,0,0,0,,0,3,0,0,0,0,0,0,0,0,0,0,1.0,0,0,0.0,3,1.0,0.0,
2022,boys,SP,redwood-empire,9,9,9,0,0,0,0,0,9,0,0,0,,0,9,0,0,0,0,0,0,0,0,0,0,1.0,0,0,0.0,9,1.0,0.0,
2022,boys,SP,tri-valley,6,6,6,0,0,0,0,0,6,0,0,0,,0,6,0,0,0,0,0,0,0,0,0,0,1.0,0,0,0.0,6,1.0,0.0,
2022,boys,TJ,bay-shore,6,6,6,0,0,0,0,0,6,0,0,0,,0,6,0,0,0,0,0,0,0,0,0,0,1.0,0,0,0.0,6,1.0,0.0,
2022,boys,TJ,class-a,3,2,2,0,1,0,1,1,3,0,1,0,class-a:1,1,2,1,0,0,0,0,0,0,0,0,1,0.6667,0,0,0.0,3,1.0,0.0,0.0
2022,boys,TJ,redwood-empire,7,7,7,0,0,0,0,0,7,0,0,0,,0,7,0,0,0,0,0,0,0,0,0,0,1.0,0,0,0.0,7,1.0,0.0,
2022,boys,TJ,tri-valley,8,8,8,0,0,0,0,0,8,0,0,0,,0,8,0,0,0,0,0,0,0,0,0,0,1.0,0,0,0.0,8,1.0,0.0,
2022,girls,100,bay-shore,6,6,6,0,0,0,0,0,6,0,0,0,,0,6,0,0,0,0,0,0,0,0,0,0,1.0,0,0,0.0,6,1.0,0.0,
2022,girls,100,class-a,3,3,3,0,0,0,0,0,3,0,0,0,,0,3,0,0,0,0,0,0,0,0,0,0,1.0,0,0,0.0,3,1.0,0.0,
2022,girls,100,redwood-empire,6,6,5,1,0,0,0,0,6,1,0,0,,0,5,0,1,0,0,0,0,0,0,0,1,0.8333,1,0,0.1667,5,0.8333,0.1667,
2022,girls,100,tri-valley,9,9,9,0,0,0,0,0,9,0,0,0,,0,9,0,0,0,0,0,0,0,0,0,0,1.0,0,0,0.0,9,1.0,0.0,
2022,girls,100H,bay-shore,6,6,6,0,0,0,0,0,6,0,0,0,,0,6,0,0,0,0,0,0,0,0,0,0,1.0,0,0,0.0,6,1.0,0.0,
2022,girls,100H,class-a,3,3,3,0,0,0,0,0,3,0,0,0,,0,3,0,0,0,0,0,0,0,0,0,0,1.0,0,0,0.0,3,1.0,0.0,
2022,girls,100H,redwood-empire,6,6,6,0,0,0,0,0,6,0,0,0,,0,6,0,0,0,0,0,0,0,0,0,0,1.0,0,0,0.0,6,1.0,0.0,
2022,girls,100H,tri-valley,10,9,9,0,1,0,1,0,10,0,1,0,,0,9,0,0,0,1,0,0,0,0,0,1,0.9,1,1,0.0,9,0.9,0.0,0.0
2022,girls,1600,bay-shore,6,4,4,0,2,2,0,2,6,0,2,2,bay-shore:2,2,4,2,0,0,0,0,0,0,0,0,2,0.6667,0,0,0.0,6,1.0,0.0,1.0
2022,girls,1600,class-a,5,2,2,0,3,3,0,2,5,0,3,3,class-a:2,2,2,2,0,1,0,0,0,0,0,0,3,0.4,1,1,0.0,4,0.8,0.0,1.0
2022,girls,1600,redwood-empire,7,6,6,0,1,1,0,0,7,0,1,1,,0,6,0,0,1,0,0,0,0,0,0,1,0.8571,1,1,0.0,6,0.8571,0.0,1.0
2022,girls,1600,tri-valley,6,5,5,0,1,1,0,1,6,0,1,1,tri-valley:1,1,5,1,0,0,0,0,0,0,0,0,1,0.8333,0,0,0.0,6,1.0,0.0,1.0
2022,girls,200,bay-shore,6,6,6,0,0,0,0,0,6,0,0,0,,0,6,0,0,0,0,0,0,0,0,0,0,1.0,0,0,0.0,6,1.0,0.0,
2022,girls,200,class-a,3,3,3,0,0,0,0,0,3,0,0,0,,0,3,0,0,0,0,0,0,0,0,0,0,1.0,0,0,0.0,3,1.0,0.0,
2022,girls,200,redwood-empire,6,3,3,0,3,2,1,2,6,0,3,2,redwood-empire:2,2,3,2,0,0,1,0,0,0,0,0,3,0.5,1,1,0.0,5,0.8333,0.0,0.6667
2022,girls,200,tri-valley,9,7,7,0,2,2,0,1,9,0,2,2,tri-valley:1,1,7,1,0,1,0,0,0,0,0,0,2,0.7778,1,1,0.0,8,0.8889,0.0,1.0
2022,girls,300H,bay-shore,6,6,6,0,0,0,0,0,6,0,0,0,,0,6,0,0,0,0,0,0,0,0,0,0,1.0,0,0,0.0,6,1.0,0.0,
2022,girls,300H,class-a,3,3,3,0,0,0,0,0,3,0,0,0,,0,3,0,0,0,0,0,0,0,0,0,0,1.0,0,0,0.0,3,1.0,0.0,
2022,girls,300H,redwood-empire,6,6,6,0,0,0,0,0,6,0,0,0,,0,6,0,0,0,0,0,0,0,0,0,0,1.0,0,0,0.0,6,1.0,0.0,
2022,girls,300H,tri-valley,9,9,9,0,0,0,0,0,9,0,0,0,,0,9,0,0,0,0,0,0,0,0,0,0,1.0,0,0,0.0,9,1.0,0.0,
2022,girls,3200,bay-shore,6,6,6,0,0,0,0,0,6,0,0,0,,0,6,0,0,0,0,0,0,0,0,0,0,1.0,0,0,0.0,6,1.0,0.0,
2022,girls,3200,class-a,3,2,2,0,1,0,1,1,3,0,1,0,class-a:1,1,2,1,0,0,0,0,0,0,0,0,1,0.6667,0,0,0.0,3,1.0,0.0,0.0
2022,girls,3200,redwood-empire,8,6,6,0,2,2,0,1,8,1,2,2,redwood-empire:1,1,6,1,1,0,0,0,0,0,0,0,2,0.75,1,0,0.125,7,0.875,0.0,1.0
2022,girls,3200,tri-valley,7,7,6,1,0,0,0,0,7,1,0,0,,0,6,0,1,0,0,0,0,0,0,0,1,0.8571,1,0,0.1429,6,0.8571,0.1429,
2022,girls,400,bay-shore,6,4,4,0,2,2,0,2,6,0,2,2,bay-shore:2,2,4,2,0,0,0,0,0,0,0,0,2,0.6667,0,0,0.0,6,1.0,0.0,1.0
2022,girls,400,class-a,3,2,2,0,1,0,1,1,3,0,1,0,class-a:1,1,2,1,0,0,0,0,0,0,0,0,1,0.6667,0,0,0.0,3,1.0,0.0,0.0
2022,girls,400,redwood-empire,6,3,3,0,3,1,2,1,6,0,3,2,redwood-empire:1,1,3,1,0,2,0,0,0,0,0,0,3,0.5,2,2,0.0,4,0.6667,0.0,0.6667
2022,girls,400,tri-valley,9,9,9,0,0,0,0,0,9,0,0,0,,0,9,0,0,0,0,0,0,0,0,0,0,1.0,0,0,0.0,9,1.0,0.0,
2022,girls,4x100,bay-shore,6,6,6,0,0,0,0,0,6,0,0,0,,0,6,0,0,0,0,0,0,0,0,0,0,1.0,0,0,0.0,6,1.0,0.0,
2022,girls,4x100,class-a,3,3,3,0,0,0,0,0,3,0,0,0,,0,3,0,0,0,0,0,0,0,0,0,0,1.0,0,0,0.0,3,1.0,0.0,
2022,girls,4x100,redwood-empire,6,4,4,0,2,0,2,2,6,0,0,0,redwood-empire:2,2,4,2,0,0,0,0,0,0,0,0,2,0.6667,0,0,0.0,6,1.0,0.0,
2022,girls,4x100,tri-valley,9,9,9,0,0,0,0,0,9,0,0,0,,0,9,0,0,0,0,0,0,0,0,0,0,1.0,0,0,0.0,9,1.0,0.0,
2022,girls,4x400,bay-shore,6,6,6,0,0,0,0,0,6,0,0,0,,0,6,0,0,0,0,0,0,0,0,0,0,1.0,0,0,0.0,6,1.0,0.0,
2022,girls,4x400,class-a,3,3,3,0,0,0,0,0,3,0,0,0,,0,3,0,0,0,0,0,0,0,0,0,0,1.0,0,0,0.0,3,1.0,0.0,
2022,girls,4x400,redwood-empire,6,5,5,0,1,0,1,0,6,0,0,0,,0,5,0,0,0,1,0,0,0,0,0,1,0.8333,1,1,0.0,5,0.8333,0.0,
2022,girls,4x400,tri-valley,9,9,9,0,0,0,0,0,9,0,0,0,,0,9,0,0,0,0,0,0,0,0,0,0,1.0,0,0,0.0,9,1.0,0.0,
2022,girls,800,bay-shore,6,5,5,0,1,1,0,1,6,0,1,1,bay-shore:1,1,5,1,0,0,0,0,0,0,0,0,1,0.8333,0,0,0.0,6,1.0,0.0,1.0
2022,girls,800,class-a,3,3,3,0,0,0,0,0,3,0,0,0,,0,3,0,0,0,0,0,0,0,0,0,0,1.0,0,0,0.0,3,1.0,0.0,
2022,girls,800,redwood-empire,6,5,5,0,1,0,1,0,6,0,1,1,,0,5,0,0,1,0,0,0,0,0,0,1,0.8333,1,1,0.0,5,0.8333,0.0,1.0
2022,girls,800,tri-valley,9,8,8,0,1,1,0,1,9,0,1,1,tri-valley:1,1,8,1,0,0,0,0,0,0,0,0,1,0.8889,0,0,0.0,9,1.0,0.0,1.0
2022,girls,DT,bay-shore,6,6,4,2,0,0,0,0,6,0,0,0,,0,4,0,0,0,2,0,0,0,0,0,2,0.6667,2,2,0.0,4,0.6667,0.3333,
2022,girls,DT,class-a,3,3,3,0,0,0,0,0,3,0,0,0,,0,3,0,0,0,0,0,0,0,0,0,0,1.0,0,0,0.0,3,1.0,0.0,
2022,girls,DT,redwood-empire,6,5,5,0,1,0,1,0,6,0,1,1,,0,5,0,0,1,0,0,0,0,0,0,1,0.8333,1,1,0.0,5,0.8333,0.0,1.0
2022,girls,DT,tri-valley,9,9,9,0,0,0,0,0,9,0,0,0,,0,9,0,0,0,0,0,0,0,0,0,0,1.0,0,0,0.0,9,1.0,0.0,
2022,girls,HJ,bay-shore,6,6,6,0,0,0,0,0,6,0,0,0,,0,6,0,0,0,0,0,0,0,0,0,0,1.0,0,0,0.0,6,1.0,0.0,
2022,girls,HJ,class-a,3,3,3,0,0,0,0,0,3,0,0,0,,0,3,0,0,0,0,0,0,0,0,0,0,1.0,0,0,0.0,3,1.0,0.0,
2022,girls,HJ,redwood-empire,8,8,8,0,0,0,0,0,8,0,0,0,,0,8,0,0,0,0,0,0,0,0,0,0,1.0,0,0,0.0,8,1.0,0.0,
2022,girls,HJ,tri-valley,9,8,8,0,1,0,1,0,9,0,1,0,,0,8,0,0,0,1,0,0,0,0,0,1,0.8889,1,1,0.0,8,0.8889,0.0,0.0
2022,girls,LJ,bay-shore,6,5,4,1,1,1,0,1,6,1,1,1,bay-shore:1,1,4,1,1,0,0,0,0,0,0,0,2,0.6667,1,0,0.1667,5,0.8333,0.2,1.0
2022,girls,LJ,class-a,3,3,3,0,0,0,0,0,3,0,0,0,,0,3,0,0,0,0,0,0,0,0,0,0,1.0,0,0,0.0,3,1.0,0.0,
2022,girls,LJ,redwood-empire,8,5,4,1,3,1,2,0,8,4,3,2,,0,4,0,4,0,0,0,0,0,0,0,4,0.5,4,0,0.5,4,0.5,0.2,0.6667
2022,girls,LJ,tri-valley,7,7,7,0,0,0,0,0,7,0,0,0,,0,7,0,0,0,0,0,0,0,0,0,0,1.0,0,0,0.0,7,1.0,0.0,
2022,girls,PV,bay-shore,9,9,9,0,0,0,0,0,9,0,0,0,,0,9,0,0,0,0,0,0,0,0,0,0,1.0,0,0,0.0,9,1.0,0.0,
2022,girls,PV,class-a,3,3,3,0,0,0,0,0,3,0,0,0,,0,3,0,0,0,0,0,0,0,0,0,0,1.0,0,0,0.0,3,1.0,0.0,
2022,girls,PV,redwood-empire,7,7,7,0,0,0,0,0,7,0,0,0,,0,7,0,0,0,0,0,0,0,0,0,0,1.0,0,0,0.0,7,1.0,0.0,
2022,girls,PV,tri-valley,7,7,7,0,0,0,0,0,7,0,0,0,,0,7,0,0,0,0,0,0,0,0,0,0,1.0,0,0,0.0,7,1.0,0.0,
2022,girls,SP,bay-shore,6,5,4,1,1,1,0,1,6,1,1,1,bay-shore:1,1,4,1,1,0,0,0,0,0,0,0,2,0.6667,1,0,0.1667,5,0.8333,0.2,1.0
2022,girls,SP,class-a,3,3,2,1,0,0,0,0,3,1,0,0,,0,2,0,1,0,0,0,0,0,0,0,1,0.6667,1,0,0.3333,2,0.6667,0.3333,
2022,girls,SP,redwood-empire,6,5,5,0,1,0,1,0,6,1,1,1,,0,5,0,1,0,0,0,0,0,0,0,1,0.8333,1,0,0.1667,5,0.8333,0.0,1.0
2022,girls,SP,tri-valley,9,9,8,1,0,0,0,0,9,1,0,0,,0,8,0,1,0,0,0,0,0,0,0,1,0.8889,1,0,0.1111,8,0.8889,0.1111,
2022,girls,TJ,bay-shore,6,6,6,0,0,0,0,0,6,0,0,0,,0,6,0,0,0,0,0,0,0,0,0,0,1.0,0,0,0.0,6,1.0,0.0,
2022,girls,TJ,class-a,3,3,3,0,0,0,0,0,3,0,0,0,,0,3,0,0,0,0,0,0,0,0,0,0,1.0,0,0,0.0,3,1.0,0.0,
2022,girls,TJ,redwood-empire,9,6,5,1,3,0,3,1,9,3,3,2,redwood-empire:1,1,5,1,3,0,0,0,0,0,0,0,4,0.5556,3,0,0.3333,6,0.6667,0.1667,0.6667
2022,girls,TJ,tri-valley,6,6,6,0,0,0,0,0,6,0,0,0,,0,6,0,0,0,0,0,0,0,0,0,0,1.0,0,0,0.0,6,1.0,0.0,
2023,boys,100,bay-shore,6,6,6,0,0,0,0,0,6,0,0,0,,0,6,0,0,0,0,0,0,0,0,0,0,1.0,0,0,0.0,6,1.0,0.0,
2023,boys,100,class-a,3,3,3,0,0,0,0,0,3,0,0,0,,0,3,0,0,0,0,0,0,0,0,0,0,1.0,0,0,0.0,3,1.0,0.0,
2023,boys,100,redwood-empire,6,6,6,0,0,0,0,0,6,0,0,0,,0,6,0,0,0,0,0,0,0,0,0,0,1.0,0,0,0.0,6,1.0,0.0,
2023,boys,100,tri-valley,9,9,9,0,0,0,0,0,9,0,0,0,,0,9,0,0,0,0,0,0,0,0,0,0,1.0,0,0,0.0,9,1.0,0.0,
2023,boys,110H,bay-shore,7,6,5,1,1,1,0,0,7,2,1,1,,0,5,0,2,0,0,0,0,0,0,0,2,0.7143,2,0,0.2857,5,0.7143,0.1667,1.0
2023,boys,110H,class-a,4,4,4,0,0,0,0,0,4,0,0,0,,0,4,0,0,0,0,0,0,0,0,0,0,1.0,0,0,0.0,4,1.0,0.0,
2023,boys,110H,redwood-empire,6,6,5,1,0,0,0,0,6,1,0,0,,0,5,0,1,0,0,0,0,0,0,0,1,0.8333,1,0,0.1667,5,0.8333,0.1667,
2023,boys,110H,tri-valley,7,7,7,0,0,0,0,0,7,0,0,0,,0,7,0,0,0,0,0,0,0,0,0,0,1.0,0,0,0.0,7,1.0,0.0,
2023,boys,1600,bay-shore,6,6,6,0,0,0,0,0,6,0,0,0,,0,6,0,0,0,0,0,0,0,0,0,0,1.0,0,0,0.0,6,1.0,0.0,
2023,boys,1600,class-a,3,1,1,0,2,2,0,2,3,0,2,2,class-a:2,2,1,2,0,0,0,0,0,0,0,0,2,0.3333,0,0,0.0,3,1.0,0.0,1.0
2023,boys,1600,redwood-empire,7,6,6,0,1,1,0,0,6,0,1,1,,0,5,0,0,1,0,1,0,0,0,1,1,0.8571,1,1,0.0,5,0.8333,0.0,1.0
2023,boys,1600,tri-valley,17,14,14,0,3,3,0,0,9,0,3,3,,0,7,0,0,2,0,7,0,1,0,8,3,0.8235,3,3,0.0,7,0.7778,0.0,1.0
2023,boys,200,bay-shore,8,5,5,0,3,2,1,0,6,0,3,3,,0,3,0,0,3,0,2,0,0,0,2,3,0.625,3,3,0.0,3,0.5,0.0,1.0
2023,boys,200,class-a,3,2,2,0,1,1,0,1,3,0,1,1,class-a:1,1,2,1,0,0,0,0,0,0,0,0,1,0.6667,0,0,0.0,3,1.0,0.0,1.0
2023,boys,200,redwood-empire,6,6,5,1,0,0,0,0,6,0,0,0,,0,5,0,0,1,0,0,0,0,0,0,1,0.8333,1,1,0.0,5,0.8333,0.1667,
2023,boys,200,tri-valley,14,11,11,0,3,3,0,0,9,0,3,3,,0,7,0,0,2,0,4,0,1,0,5,3,0.7857,3,3,0.0,7,0.7778,0.0,1.0
2023,boys,300H,bay-shore,6,5,4,1,1,0,1,1,6,1,1,0,bay-shore:1,1,4,1,1,0,0,0,0,0,0,0,2,0.6667,1,0,0.1667,5,0.8333,0.2,0.0
2023,boys,300H,class-a,3,3,3,0,0,0,0,0,3,0,0,0,,0,3,0,0,0,0,0,0,0,0,0,0,1.0,0,0,0.0,3,1.0,0.0,
2023,boys,300H,redwood-empire,8,8,8,0,0,0,0,0,8,0,0,0,,0,8,0,0,0,0,0,0,0,0,0,0,1.0,0,0,0.0,8,1.0,0.0,
2023,boys,300H,tri-valley,7,7,7,0,0,0,0,0,7,0,0,0,,0,7,0,0,0,0,0,0,0,0,0,0,1.0,0,0,0.0,7,1.0,0.0,
2023,boys,3200,bay-shore,6,6,6,0,0,0,0,0,6,0,0,0,,0,6,0,0,0,0,0,0,0,0,0,0,1.0,0,0,0.0,6,1.0,0.0,
2023,boys,3200,class-a,3,3,3,0,0,0,0,0,3,0,0,0,,0,3,0,0,0,0,0,0,0,0,0,0,1.0,0,0,0.0,3,1.0,0.0,
2023,boys,3200,redwood-empire,6,6,6,0,0,0,0,0,6,0,0,0,,0,6,0,0,0,0,0,0,0,0,0,0,1.0,0,0,0.0,6,1.0,0.0,
2023,boys,3200,tri-valley,9,9,8,1,0,0,0,0,9,1,0,0,,0,8,0,1,0,0,0,0,0,0,0,1,0.8889,1,0,0.1111,8,0.8889,0.1111,
2023,boys,400,bay-shore,7,6,6,0,1,0,1,0,7,0,1,1,,0,6,0,0,1,0,0,0,0,0,0,1,0.8571,1,1,0.0,6,0.8571,0.0,1.0
2023,boys,400,class-a,3,3,3,0,0,0,0,0,3,0,0,0,,0,3,0,0,0,0,0,0,0,0,0,0,1.0,0,0,0.0,3,1.0,0.0,
2023,boys,400,redwood-empire,6,6,6,0,0,0,0,0,6,0,0,0,,0,6,0,0,0,0,0,0,0,0,0,0,1.0,0,0,0.0,6,1.0,0.0,
2023,boys,400,tri-valley,8,8,8,0,0,0,0,0,8,0,0,0,,0,8,0,0,0,0,0,0,0,0,0,0,1.0,0,0,0.0,8,1.0,0.0,
2023,boys,4x100,bay-shore,6,6,6,0,0,0,0,0,6,0,0,0,,0,6,0,0,0,0,0,0,0,0,0,0,1.0,0,0,0.0,6,1.0,0.0,
2023,boys,4x100,class-a,3,2,2,0,1,0,1,1,3,0,0,0,class-a:1,1,2,1,0,0,0,0,0,0,0,0,1,0.6667,0,0,0.0,3,1.0,0.0,
2023,boys,4x100,redwood-empire,6,6,6,0,0,0,0,0,6,0,0,0,,0,6,0,0,0,0,0,0,0,0,0,0,1.0,0,0,0.0,6,1.0,0.0,
2023,boys,4x100,tri-valley,9,9,9,0,0,0,0,0,9,0,0,0,,0,9,0,0,0,0,0,0,0,0,0,0,1.0,0,0,0.0,9,1.0,0.0,
2023,boys,4x400,bay-shore,6,6,6,0,0,0,0,0,6,0,0,0,,0,6,0,0,0,0,0,0,0,0,0,0,1.0,0,0,0.0,6,1.0,0.0,
2023,boys,4x400,class-a,3,3,3,0,0,0,0,0,3,0,0,0,,0,3,0,0,0,0,0,0,0,0,0,0,1.0,0,0,0.0,3,1.0,0.0,
2023,boys,4x400,redwood-empire,6,6,6,0,0,0,0,0,6,0,0,0,,0,6,0,0,0,0,0,0,0,0,0,0,1.0,0,0,0.0,6,1.0,0.0,
2023,boys,4x400,tri-valley,9,9,9,0,0,0,0,0,9,0,0,0,,0,9,0,0,0,0,0,0,0,0,0,0,1.0,0,0,0.0,9,1.0,0.0,
2023,boys,800,bay-shore,6,4,4,0,2,2,0,2,6,0,2,2,bay-shore:2,2,4,2,0,0,0,0,0,0,0,0,2,0.6667,0,0,0.0,6,1.0,0.0,1.0
2023,boys,800,class-a,4,4,4,0,0,0,0,0,3,0,0,0,,0,3,0,0,0,0,1,0,0,0,1,0,1.0,0,0,0.0,3,1.0,0.0,
2023,boys,800,redwood-empire,6,6,6,0,0,0,0,0,6,0,0,0,,0,6,0,0,0,0,0,0,0,0,0,0,1.0,0,0,0.0,6,1.0,0.0,
2023,boys,800,tri-valley,11,9,9,0,2,2,0,0,9,0,2,2,,0,8,0,0,1,0,1,0,1,0,2,2,0.8182,2,2,0.0,8,0.8889,0.0,1.0
2023,boys,DT,bay-shore,6,6,6,0,0,0,0,0,6,0,0,0,,0,6,0,0,0,0,0,0,0,0,0,0,1.0,0,0,0.0,6,1.0,0.0,
2023,boys,DT,class-a,3,2,2,0,1,0,1,0,3,0,1,0,,0,2,0,0,0,1,0,0,0,0,0,1,0.6667,1,1,0.0,2,0.6667,0.0,0.0
2023,boys,DT,redwood-empire,9,8,8,0,1,0,1,1,9,0,1,0,redwood-empire:1,1,8,1,0,0,0,0,0,0,0,0,1,0.8889,0,0,0.0,9,1.0,0.0,0.0
2023,boys,DT,tri-valley,6,6,6,0,0,0,0,0,6,0,0,0,,0,6,0,0,0,0,0,0,0,0,0,0,1.0,0,0,0.0,6,1.0,0.0,
2023,boys,HJ,bay-shore,7,7,7,0,0,0,0,0,7,0,0,0,,0,7,0,0,0,0,0,0,0,0,0,0,1.0,0,0,0.0,7,1.0,0.0,
2023,boys,HJ,class-a,3,3,2,1,0,0,0,0,3,1,0,0,,0,2,0,1,0,0,0,0,0,0,0,1,0.6667,1,0,0.3333,2,0.6667,0.3333,
2023,boys,HJ,redwood-empire,10,9,7,2,1,0,1,0,10,3,1,0,,0,7,0,3,0,0,0,0,0,0,0,3,0.7,3,0,0.3,7,0.7,0.2222,0.0
2023,boys,HJ,tri-valley,8,7,7,0,1,0,1,0,8,1,1,0,,0,7,0,1,0,0,0,0,0,0,0,1,0.875,1,0,0.125,7,0.875,0.0,0.0
2023,boys,LJ,bay-shore,8,7,5,2,1,0,1,1,8,2,1,0,bay-shore:1,1,5,1,2,0,0,0,0,0,0,0,3,0.625,2,0,0.25,6,0.75,0.2857,0.0
2023,boys,LJ,class-a,3,3,2,1,0,0,0,0,3,1,0,0,,0,2,0,1,0,0,0,0,0,0,0,1,0.6667,1,0,0.3333,2,0.6667,0.3333,
2023,boys,LJ,redwood-empire,6,6,6,0,0,0,0,0,6,0,0,0,,0,6,0,0,0,0,0,0,0,0,0,0,1.0,0,0,0.0,6,1.0,0.0,
2023,boys,LJ,tri-valley,7,6,6,0,1,1,0,1,7,0,1,1,tri-valley:1,1,6,1,0,0,0,0,0,0,0,0,1,0.8571,0,0,0.0,7,1.0,0.0,1.0
2023,boys,PV,bay-shore,6,6,6,0,0,0,0,0,6,0,0,0,,0,6,0,0,0,0,0,0,0,0,0,0,1.0,0,0,0.0,6,1.0,0.0,
2023,boys,PV,class-a,3,3,3,0,0,0,0,0,3,0,0,0,,0,3,0,0,0,0,0,0,0,0,0,0,1.0,0,0,0.0,3,1.0,0.0,
2023,boys,PV,redwood-empire,9,9,6,3,0,0,0,0,9,3,0,0,,0,6,0,3,0,0,0,0,0,0,0,3,0.6667,3,0,0.3333,6,0.6667,0.3333,
2023,boys,PV,tri-valley,6,6,6,0,0,0,0,0,6,0,0,0,,0,6,0,0,0,0,0,0,0,0,0,0,1.0,0,0,0.0,6,1.0,0.0,
2023,boys,SP,bay-shore,6,6,6,0,0,0,0,0,6,0,0,0,,0,6,0,0,0,0,0,0,0,0,0,0,1.0,0,0,0.0,6,1.0,0.0,
2023,boys,SP,class-a,3,2,2,0,1,0,1,1,3,0,1,0,class-a:1,1,2,1,0,0,0,0,0,0,0,0,1,0.6667,0,0,0.0,3,1.0,0.0,0.0
2023,boys,SP,redwood-empire,7,7,7,0,0,0,0,0,7,0,0,0,,0,7,0,0,0,0,0,0,0,0,0,0,1.0,0,0,0.0,7,1.0,0.0,
2023,boys,SP,tri-valley,8,7,7,0,1,0,1,0,8,1,1,0,,0,7,0,1,0,0,0,0,0,0,0,1,0.875,1,0,0.125,7,0.875,0.0,0.0
2023,boys,TJ,bay-shore,8,8,6,2,0,0,0,0,8,2,0,0,,0,6,0,2,0,0,0,0,0,0,0,2,0.75,2,0,0.25,6,0.75,0.25,
2023,boys,TJ,class-a,3,2,2,0,1,0,1,0,3,1,1,0,,0,2,0,1,0,0,0,0,0,0,0,1,0.6667,1,0,0.3333,2,0.6667,0.0,0.0
2023,boys,TJ,redwood-empire,7,7,6,1,0,0,0,0,7,1,0,0,,0,6,0,1,0,0,0,0,0,0,0,1,0.8571,1,0,0.1429,6,0.8571,0.1429,
2023,boys,TJ,tri-valley,6,6,6,0,0,0,0,0,6,0,0,0,,0,6,0,0,0,0,0,0,0,0,0,0,1.0,0,0,0.0,6,1.0,0.0,
2023,girls,100,bay-shore,6,6,6,0,0,0,0,0,6,0,0,0,,0,6,0,0,0,0,0,0,0,0,0,0,1.0,0,0,0.0,6,1.0,0.0,
2023,girls,100,class-a,3,3,3,0,0,0,0,0,3,0,0,0,,0,3,0,0,0,0,0,0,0,0,0,0,1.0,0,0,0.0,3,1.0,0.0,
2023,girls,100,redwood-empire,6,6,6,0,0,0,0,0,6,0,0,0,,0,6,0,0,0,0,0,0,0,0,0,0,1.0,0,0,0.0,6,1.0,0.0,
2023,girls,100,tri-valley,9,9,9,0,0,0,0,0,9,0,0,0,,0,9,0,0,0,0,0,0,0,0,0,0,1.0,0,0,0.0,9,1.0,0.0,
2023,girls,100H,bay-shore,6,6,6,0,0,0,0,0,6,0,0,0,,0,6,0,0,0,0,0,0,0,0,0,0,1.0,0,0,0.0,6,1.0,0.0,
2023,girls,100H,class-a,3,3,3,0,0,0,0,0,3,0,0,0,,0,3,0,0,0,0,0,0,0,0,0,0,1.0,0,0,0.0,3,1.0,0.0,
2023,girls,100H,redwood-empire,6,6,6,0,0,0,0,0,6,0,0,0,,0,6,0,0,0,0,0,0,0,0,0,0,1.0,0,0,0.0,6,1.0,0.0,
2023,girls,100H,tri-valley,9,8,8,0,1,1,0,0,9,1,1,0,,0,8,0,1,0,0,0,0,0,0,0,1,0.8889,1,0,0.1111,8,0.8889,0.0,0.0
2023,girls,1600,bay-shore,6,5,5,0,1,0,1,0,6,0,1,1,,0,5,0,0,1,0,0,0,0,0,0,1,0.8333,1,1,0.0,5,0.8333,0.0,1.0
2023,girls,1600,class-a,5,4,4,0,1,1,0,1,5,0,1,1,class-a:1,1,4,1,0,0,0,0,0,0,0,0,1,0.8,0,0,0.0,5,1.0,0.0,1.0
2023,girls,1600,redwood-empire,6,5,5,0,1,1,0,1,6,0,1,1,redwood-empire:1,1,5,1,0,0,0,0,0,0,0,0,1,0.8333,0,0,0.0,6,1.0,0.0,1.0
2023,girls,1600,tri-valley,7,4,4,0,3,2,1,3,7,0,3,2,tri-valley:3,3,4,3,0,0,0,0,0,0,0,0,3,0.5714,0,0,0.0,7,1.0,0.0,0.6667
2023,girls,200,bay-shore,6,6,6,0,0,0,0,0,6,0,0,0,,0,6,0,0,0,0,0,0,0,0,0,0,1.0,0,0,0.0,6,1.0,0.0,
2023,girls,200,class-a,3,3,3,0,0,0,0,0,3,0,0,0,,0,3,0,0,0,0,0,0,0,0,0,0,1.0,0,0,0.0,3,1.0,0.0,
2023,girls,200,redwood-empire,6,5,5,0,1,1,0,1,6,0,1,1,redwood-empire:1,1,5,1,0,0,0,0,0,0,0,0,1,0.8333,0,0,0.0,6,1.0,0.0,1.0
2023,girls,200,tri-valley,11,9,9,0,2,2,0,0,9,0,2,2,,0,7,0,0,2,0,2,0,0,0,2,2,0.8182,2,2,0.0,7,0.7778,0.0,1.0
2023,girls,300H,bay-shore,6,6,6,0,0,0,0,0,6,0,0,0,,0,6,0,0,0,0,0,0,0,0,0,0,1.0,0,0,0.0,6,1.0,0.0,
2023,girls,300H,class-a,3,3,3,0,0,0,0,0,3,0,0,0,,0,3,0,0,0,0,0,0,0,0,0,0,1.0,0,0,0.0,3,1.0,0.0,
2023,girls,300H,redwood-empire,6,5,5,0,1,0,1,1,6,0,1,0,redwood-empire:1,1,5,1,0,0,0,0,0,0,0,0,1,0.8333,0,0,0.0,6,1.0,0.0,0.0
2023,girls,300H,tri-valley,9,9,9,0,0,0,0,0,9,0,0,0,,0,9,0,0,0,0,0,0,0,0,0,0,1.0,0,0,0.0,9,1.0,0.0,
2023,girls,3200,bay-shore,6,6,6,0,0,0,0,0,6,0,0,0,,0,6,0,0,0,0,0,0,0,0,0,0,1.0,0,0,0.0,6,1.0,0.0,
2023,girls,3200,class-a,3,3,2,1,0,0,0,0,3,1,0,0,,0,2,0,1,0,0,0,0,0,0,0,1,0.6667,1,0,0.3333,2,0.6667,0.3333,
2023,girls,3200,redwood-empire,6,6,6,0,0,0,0,0,6,0,0,0,,0,6,0,0,0,0,0,0,0,0,0,0,1.0,0,0,0.0,6,1.0,0.0,
2023,girls,3200,tri-valley,9,9,9,0,0,0,0,0,9,0,0,0,,0,9,0,0,0,0,0,0,0,0,0,0,1.0,0,0,0.0,9,1.0,0.0,
2023,girls,400,bay-shore,6,5,5,0,1,1,0,1,6,0,1,1,bay-shore:1,1,5,1,0,0,0,0,0,0,0,0,1,0.8333,0,0,0.0,6,1.0,0.0,1.0
2023,girls,400,class-a,3,3,3,0,0,0,0,0,3,0,0,0,,0,3,0,0,0,0,0,0,0,0,0,0,1.0,0,0,0.0,3,1.0,0.0,
2023,girls,400,redwood-empire,6,6,6,0,0,0,0,0,6,0,0,0,,0,6,0,0,0,0,0,0,0,0,0,0,1.0,0,0,0.0,6,1.0,0.0,
2023,girls,400,tri-valley,9,5,5,0,4,3,1,4,9,0,4,3,tri-valley:4,4,5,4,0,0,0,0,0,0,0,0,4,0.5556,0,0,0.0,9,1.0,0.0,0.75
2023,girls,4x100,bay-shore,6,6,6,0,0,0,0,0,6,0,0,0,,0,6,0,0,0,0,0,0,0,0,0,0,1.0,0,0,0.0,6,1.0,0.0,
2023,girls,4x100,class-a,3,3,3,0,0,0,0,0,3,0,0,0,,0,3,0,0,0,0,0,0,0,0,0,0,1.0,0,0,0.0,3,1.0,0.0,
2023,girls,4x100,redwood-empire,6,6,5,1,0,0,0,0,6,1,0,0,,0,5,0,1,0,0,0,0,0,0,0,1,0.8333,1,0,0.1667,5,0.8333,0.1667,
2023,girls,4x100,tri-valley,9,9,9,0,0,0,0,0,9,0,0,0,,0,9,0,0,0,0,0,0,0,0,0,0,1.0,0,0,0.0,9,1.0,0.0,
2023,girls,4x400,bay-shore,6,4,4,0,2,0,2,1,6,0,0,0,bay-shore:1,1,4,1,0,0,1,0,0,0,0,0,2,0.6667,1,1,0.0,5,0.8333,0.0,
2023,girls,4x400,class-a,3,3,3,0,0,0,0,0,3,0,0,0,,0,3,0,0,0,0,0,0,0,0,0,0,1.0,0,0,0.0,3,1.0,0.0,
2023,girls,4x400,redwood-empire,6,6,6,0,0,0,0,0,6,0,0,0,,0,6,0,0,0,0,0,0,0,0,0,0,1.0,0,0,0.0,6,1.0,0.0,
2023,girls,4x400,tri-valley,9,9,9,0,0,0,0,0,9,0,0,0,,0,9,0,0,0,0,0,0,0,0,0,0,1.0,0,0,0.0,9,1.0,0.0,
2023,girls,800,bay-shore,6,5,5,0,1,1,0,1,6,0,1,1,bay-shore:1,1,5,1,0,0,0,0,0,0,0,0,1,0.8333,0,0,0.0,6,1.0,0.0,1.0
2023,girls,800,class-a,3,1,1,0,2,2,0,2,3,0,2,2,class-a:2,2,1,2,0,0,0,0,0,0,0,0,2,0.3333,0,0,0.0,3,1.0,0.0,1.0
2023,girls,800,redwood-empire,6,6,6,0,0,0,0,0,6,0,0,0,,0,6,0,0,0,0,0,0,0,0,0,0,1.0,0,0,0.0,6,1.0,0.0,
2023,girls,800,tri-valley,9,8,8,0,1,1,0,0,9,0,1,1,,0,8,0,0,1,0,0,0,0,0,0,1,0.8889,1,1,0.0,8,0.8889,0.0,1.0
2023,girls,DT,bay-shore,6,6,4,2,0,0,0,0,6,2,0,0,,0,4,0,2,0,0,0,0,0,0,0,2,0.6667,2,0,0.3333,4,0.6667,0.3333,
2023,girls,DT,class-a,3,3,2,1,0,0,0,0,3,1,0,0,,0,2,0,1,0,0,0,0,0,0,0,1,0.6667,1,0,0.3333,2,0.6667,0.3333,
2023,girls,DT,redwood-empire,6,6,5,1,0,0,0,0,6,1,0,0,,0,5,0,1,0,0,0,0,0,0,0,1,0.8333,1,0,0.1667,5,0.8333,0.1667,
2023,girls,DT,tri-valley,9,9,8,1,0,0,0,0,9,1,0,0,,0,8,0,1,0,0,0,0,0,0,0,1,0.8889,1,0,0.1111,8,0.8889,0.1111,
2023,girls,HJ,bay-shore,7,6,6,0,1,1,0,0,7,0,1,0,,0,6,0,0,0,1,0,0,0,0,0,1,0.8571,1,1,0.0,6,0.8571,0.0,0.0
2023,girls,HJ,class-a,3,3,3,0,0,0,0,0,3,0,0,0,,0,3,0,0,0,0,0,0,0,0,0,0,1.0,0,0,0.0,3,1.0,0.0,
2023,girls,HJ,redwood-empire,11,10,10,0,1,1,0,0,11,0,1,1,,0,10,0,0,1,0,0,0,0,0,0,1,0.9091,1,1,0.0,10,0.9091,0.0,1.0
2023,girls,HJ,tri-valley,15,10,9,1,5,3,2,0,15,0,5,3,,0,9,0,0,3,3,0,0,0,0,0,6,0.6,6,6,0.0,9,0.6,0.1,0.6
2023,girls,LJ,bay-shore,8,7,7,0,1,1,0,0,8,0,1,1,,0,7,0,0,1,0,0,0,0,0,0,1,0.875,1,1,0.0,7,0.875,0.0,1.0
2023,girls,LJ,class-a,3,3,3,0,0,0,0,0,3,0,0,0,,0,3,0,0,0,0,0,0,0,0,0,0,1.0,0,0,0.0,3,1.0,0.0,
2023,girls,LJ,redwood-empire,7,6,6,0,1,1,0,1,7,0,1,1,redwood-empire:1,1,6,1,0,0,0,0,0,0,0,0,1,0.8571,0,0,0.0,7,1.0,0.0,1.0
2023,girls,LJ,tri-valley,6,5,5,0,1,1,0,1,6,0,1,1,tri-valley:1,1,5,1,0,0,0,0,0,0,0,0,1,0.8333,0,0,0.0,6,1.0,0.0,1.0
2023,girls,PV,bay-shore,9,9,9,0,0,0,0,0,9,0,0,0,,0,9,0,0,0,0,0,0,0,0,0,0,1.0,0,0,0.0,9,1.0,0.0,
2023,girls,PV,class-a,3,3,3,0,0,0,0,0,3,0,0,0,,0,3,0,0,0,0,0,0,0,0,0,0,1.0,0,0,0.0,3,1.0,0.0,
2023,girls,PV,redwood-empire,7,7,7,0,0,0,0,0,7,0,0,0,,0,7,0,0,0,0,0,0,0,0,0,0,1.0,0,0,0.0,7,1.0,0.0,
2023,girls,PV,tri-valley,6,6,6,0,0,0,0,0,6,0,0,0,,0,6,0,0,0,0,0,0,0,0,0,0,1.0,0,0,0.0,6,1.0,0.0,
2023,girls,SP,bay-shore,6,6,4,2,0,0,0,0,6,2,0,0,,0,4,0,2,0,0,0,0,0,0,0,2,0.6667,2,0,0.3333,4,0.6667,0.3333,
2023,girls,SP,class-a,3,3,3,0,0,0,0,0,3,0,0,0,,0,3,0,0,0,0,0,0,0,0,0,0,1.0,0,0,0.0,3,1.0,0.0,
2023,girls,SP,redwood-empire,8,8,8,0,0,0,0,0,8,0,0,0,,0,8,0,0,0,0,0,0,0,0,0,0,1.0,0,0,0.0,8,1.0,0.0,
2023,girls,SP,tri-valley,7,7,7,0,0,0,0,0,7,0,0,0,,0,7,0,0,0,0,0,0,0,0,0,0,1.0,0,0,0.0,7,1.0,0.0,
2023,girls,TJ,bay-shore,8,8,8,0,0,0,0,0,8,0,0,0,,0,8,0,0,0,0,0,0,0,0,0,0,1.0,0,0,0.0,8,1.0,0.0,
2023,girls,TJ,class-a,4,4,3,1,0,0,0,0,4,0,0,0,,0,3,0,0,0,1,0,0,0,0,0,1,0.75,1,1,0.0,3,0.75,0.25,
2023,girls,TJ,redwood-empire,7,7,7,0,0,0,0,0,7,0,0,0,,0,7,0,0,0,0,0,0,0,0,0,0,1.0,0,0,0.0,7,1.0,0.0,
2023,girls,TJ,tri-valley,6,6,6,0,0,0,0,0,6,0,0,0,,0,6,0,0,0,0,0,0,0,0,0,0,1.0,0,0,0.0,6,1.0,0.0,
2024,boys,100,bay-shore,10,10,9,1,0,0,0,0,9,0,0,0,,0,8,0,0,0,1,1,0,0,0,1,1,0.9,1,1,0.0,8,0.8889,0.1,
2024,boys,100,class-a,3,3,3,0,0,0,0,0,3,0,0,0,,0,3,0,0,0,0,0,0,0,0,0,0,1.0,0,0,0.0,3,1.0,0.0,
2024,boys,100,redwood-empire,6,6,6,0,0,0,0,0,6,0,0,0,,0,6,0,0,0,0,0,0,0,0,0,0,1.0,0,0,0.0,6,1.0,0.0,
2024,boys,100,tri-valley,14,14,14,0,0,0,0,0,7,0,0,0,,0,7,0,0,0,0,7,0,0,0,7,0,1.0,0,0,0.0,7,1.0,0.0,
2024,boys,110H,bay-shore,6,6,5,1,0,0,0,0,6,1,0,0,,0,5,0,1,0,0,0,0,0,0,0,1,0.8333,1,0,0.1667,5,0.8333,0.1667,
2024,boys,110H,class-a,3,3,3,0,0,0,0,0,3,0,0,0,,0,3,0,0,0,0,0,0,0,0,0,0,1.0,0,0,0.0,3,1.0,0.0,
2024,boys,110H,redwood-empire,6,6,6,0,0,0,0,0,6,0,0,0,,0,6,0,0,0,0,0,0,0,0,0,0,1.0,0,0,0.0,6,1.0,0.0,
2024,boys,110H,tri-valley,9,9,9,0,0,0,0,0,9,0,0,0,,0,9,0,0,0,0,0,0,0,0,0,0,1.0,0,0,0.0,9,1.0,0.0,
2024,boys,1600,bay-shore,8,6,6,0,2,2,0,0,6,0,2,2,,0,5,0,0,1,0,1,0,1,0,2,2,0.75,2,2,0.0,5,0.8333,0.0,1.0
2024,boys,1600,class-a,3,1,1,0,2,2,0,2,3,0,2,2,class-a:2,2,1,2,0,0,0,0,0,0,0,0,2,0.3333,0,0,0.0,3,1.0,0.0,1.0
2024,boys,1600,redwood-empire,6,6,6,0,0,0,0,0,6,0,0,0,,0,6,0,0,0,0,0,0,0,0,0,0,1.0,0,0,0.0,6,1.0,0.0,
2024,boys,1600,tri-valley,12,11,11,0,1,1,0,0,9,0,1,1,,0,9,0,0,0,0,2,0,1,0,3,1,0.9167,1,1,0.0,9,1.0,0.0,1.0
2024,boys,200,bay-shore,6,5,5,0,1,1,0,0,6,1,1,1,,0,5,0,1,0,0,0,0,0,0,0,1,0.8333,1,0,0.1667,5,0.8333,0.0,1.0
2024,boys,200,class-a,3,3,3,0,0,0,0,0,3,0,0,0,,0,3,0,0,0,0,0,0,0,0,0,0,1.0,0,0,0.0,3,1.0,0.0,
2024,boys,200,redwood-empire,6,6,5,1,0,0,0,0,6,1,0,0,,0,5,0,1,0,0,0,0,0,0,0,1,0.8333,1,0,0.1667,5,0.8333,0.1667,
2024,boys,200,tri-valley,9,9,9,0,0,0,0,0,9,0,0,0,,0,9,0,0,0,0,0,0,0,0,0,0,1.0,0,0,0.0,9,1.0,0.0,
2024,boys,300H,bay-shore,6,6,4,2,0,0,0,0,6,2,0,0,,0,4,0,2,0,0,0,0,0,0,0,2,0.6667,2,0,0.3333,4,0.6667,0.3333,
2024,boys,300H,class-a,3,3,3,0,0,0,0,0,3,0,0,0,,0,3,0,0,0,0,0,0,0,0,0,0,1.0,0,0,0.0,3,1.0,0.0,
2024,boys,300H,redwood-empire,6,6,6,0,0,0,0,0,6,0,0,0,,0,6,0,0,0,0,0,0,0,0,0,0,1.0,0,0,0.0,6,1.0,0.0,
2024,boys,300H,tri-valley,10,9,8,1,1,1,0,0,10,2,1,1,,0,8,0,2,0,0,0,0,0,0,0,2,0.8,2,0,0.2,8,0.8,0.1111,1.0
2024,boys,3200,bay-shore,7,7,7,0,0,0,0,0,7,0,0,0,,0,7,0,0,0,0,0,0,0,0,0,0,1.0,0,0,0.0,7,1.0,0.0,
2024,boys,3200,class-a,3,3,3,0,0,0,0,0,3,0,0,0,,0,3,0,0,0,0,0,0,0,0,0,0,1.0,0,0,0.0,3,1.0,0.0,
2024,boys,3200,redwood-empire,6,6,6,0,0,0,0,0,6,0,0,0,,0,6,0,0,0,0,0,0,0,0,0,0,1.0,0,0,0.0,6,1.0,0.0,
2024,boys,3200,tri-valley,8,8,8,0,0,0,0,0,8,0,0,0,,0,8,0,0,0,0,0,0,0,0,0,0,1.0,0,0,0.0,8,1.0,0.0,
2024,boys,400,bay-shore,7,7,7,0,0,0,0,0,7,0,0,0,,0,7,0,0,0,0,0,0,0,0,0,0,1.0,0,0,0.0,7,1.0,0.0,
2024,boys,400,class-a,3,3,3,0,0,0,0,0,3,0,0,0,,0,3,0,0,0,0,0,0,0,0,0,0,1.0,0,0,0.0,3,1.0,0.0,
2024,boys,400,redwood-empire,6,6,5,1,0,0,0,0,6,0,0,0,,0,5,0,0,0,1,0,0,0,0,0,1,0.8333,1,1,0.0,5,0.8333,0.1667,
2024,boys,400,tri-valley,10,10,10,0,0,0,0,0,9,0,0,0,,0,9,0,0,0,0,1,0,0,0,1,0,1.0,0,0,0.0,9,1.0,0.0,
2024,boys,4x100,bay-shore,7,7,7,0,0,0,0,0,7,0,0,0,,0,7,0,0,0,0,0,0,0,0,0,0,1.0,0,0,0.0,7,1.0,0.0,
2024,boys,4x100,class-a,3,2,2,0,1,0,1,1,3,0,0,0,class-a:1,1,2,1,0,0,0,0,0,0,0,0,1,0.6667,0,0,0.0,3,1.0,0.0,
2024,boys,4x100,redwood-empire,6,6,6,0,0,0,0,0,6,0,0,0,,0,6,0,0,0,0,0,0,0,0,0,0,1.0,0,0,0.0,6,1.0,0.0,
2024,boys,4x100,tri-valley,9,8,8,0,1,1,0,0,9,0,0,0,,0,8,0,0,0,1,0,0,0,0,0,1,0.8889,1,1,0.0,8,0.8889,0.0,
2024,boys,4x400,bay-shore,6,5,5,0,1,1,0,1,6,0,0,0,bay-shore:1,1,5,1,0,0,0,0,0,0,0,0,1,0.8333,0,0,0.0,6,1.0,0.0,
2024,boys,4x400,class-a,3,2,2,0,1,0,1,1,3,0,0,0,class-a:1,1,2,1,0,0,0,0,0,0,0,0,1,0.6667,0,0,0.0,3,1.0,0.0,
2024,boys,4x400,redwood-empire,6,5,5,0,1,1,0,1,6,0,0,0,redwood-empire:1,1,5,1,0,0,0,0,0,0,0,0,1,0.8333,0,0,0.0,6,1.0,0.0,
2024,boys,4x400,tri-valley,9,9,9,0,0,0,0,0,9,0,0,0,,0,9,0,0,0,0,0,0,0,0,0,0,1.0,0,0,0.0,9,1.0,0.0,
2024,boys,800,bay-shore,6,4,3,1,2,1,1,2,6,0,2,1,bay-shore:2,2,3,2,0,0,1,0,0,0,0,0,3,0.5,1,1,0.0,5,0.8333,0.25,0.5
2024,boys,800,class-a,6,6,6,0,0,0,0,0,3,0,0,0,,0,3,0,0,0,0,3,0,0,0,3,0,1.0,0,0,0.0,3,1.0,0.0,
2024,boys,800,redwood-empire,8,6,6,0,2,1,1,0,6,0,2,2,,0,4,0,0,2,0,2,0,0,0,2,2,0.75,2,2,0.0,4,0.6667,0.0,1.0
2024,boys,800,tri-valley,13,10,10,0,3,3,0,0,9,0,3,3,,0,7,0,0,2,0,3,0,1,0,4,3,0.7692,3,3,0.0,7,0.7778,0.0,1.0
2024,boys,DT,bay-shore,6,6,6,0,0,0,0,0,6,0,0,0,,0,6,0,0,0,0,0,0,0,0,0,0,1.0,0,0,0.0,6,1.0,0.0,
2024,boys,DT,class-a,3,3,3,0,0,0,0,0,3,0,0,0,,0,3,0,0,0,0,0,0,0,0,0,0,1.0,0,0,0.0,3,1.0,0.0,
2024,boys,DT,redwood-empire,7,7,7,0,0,0,0,0,7,0,0,0,,0,7,0,0,0,0,0,0,0,0,0,0,1.0,0,0,0.0,7,1.0,0.0,
2024,boys,DT,tri-valley,8,8,8,0,0,0,0,0,8,0,0,0,,0,8,0,0,0,0,0,0,0,0,0,0,1.0,0,0,0.0,8,1.0,0.0,
2024,boys,HJ,bay-shore,6,6,5,1,0,0,0,0,6,1,0,0,,0,5,0,1,0,0,0,0,0,0,0,1,0.8333,1,0,0.1667,5,0.8333,0.1667,
2024,boys,HJ,class-a,3,3,3,0,0,0,0,0,3,0,0,0,,0,3,0,0,0,0,0,0,0,0,0,0,1.0,0,0,0.0,3,1.0,0.0,
2024,boys,HJ,redwood-empire,6,5,5,0,1,0,1,1,6,0,1,0,redwood-empire:1,1,5,1,0,0,0,0,0,0,0,0,1,0.8333,0,0,0.0,6,1.0,0.0,0.0
2024,boys,HJ,tri-valley,9,9,9,0,0,0,0,0,9,0,0,0,,0,9,0,0,0,0,0,0,0,0,0,0,1.0,0,0,0.0,9,1.0,0.0,
2024,boys,LJ,bay-shore,8,8,7,1,0,0,0,0,8,1,0,0,,0,7,0,1,0,0,0,0,0,0,0,1,0.875,1,0,0.125,7,0.875,0.125,
2024,boys,LJ,class-a,3,2,2,0,1,0,1,1,3,0,1,0,class-a:1,1,2,1,0,0,0,0,0,0,0,0,1,0.6667,0,0,0.0,3,1.0,0.0,0.0
2024,boys,LJ,redwood-empire,6,5,4,1,1,0,1,0,6,2,1,0,,0,4,0,2,0,0,0,0,0,0,0,2,0.6667,2,0,0.3333,4,0.6667,0.2,0.0
2024,boys,LJ,tri-valley,7,5,5,0,2,2,0,1,7,1,2,2,tri-valley:1,1,5,1,1,0,0,0,0,0,0,0,2,0.7143,1,0,0.1429,6,0.8571,0.0,1.0
2024,boys,PV,bay-shore,6,6,6,0,0,0,0,0,6,0,0,0,,0,6,0,0,0,0,0,0,0,0,0,0,1.0,0,0,0.0,6,1.0,0.0,
2024,boys,PV,class-a,3,3,3,0,0,0,0,0,3,0,0,0,,0,3,0,0,0,0,0,0,0,0,0,0,1.0,0,0,0.0,3,1.0,0.0,
2024,boys,PV,redwood-empire,6,5,5,0,1,0,1,1,6,0,1,0,redwood-empire:1,1,5,1,0,0,0,0,0,0,0,0,1,0.8333,0,0,0.0,6,1.0,0.0,0.0
2024,boys,PV,tri-valley,10,10,10,0,0,0,0,0,10,0,0,0,,0,10,0,0,0,0,0,0,0,0,0,0,1.0,0,0,0.0,10,1.0,0.0,
2024,boys,SP,bay-shore,7,7,7,0,0,0,0,0,7,0,0,0,,0,7,0,0,0,0,0,0,0,0,0,0,1.0,0,0,0.0,7,1.0,0.0,
2024,boys,SP,class-a,3,3,3,0,0,0,0,0,3,0,0,0,,0,3,0,0,0,0,0,0,0,0,0,0,1.0,0,0,0.0,3,1.0,0.0,
2024,boys,SP,redwood-empire,8,8,8,0,0,0,0,0,8,0,0,0,,0,8,0,0,0,0,0,0,0,0,0,0,1.0,0,0,0.0,8,1.0,0.0,
2024,boys,SP,tri-valley,6,6,6,0,0,0,0,0,6,0,0,0,,0,6,0,0,0,0,0,0,0,0,0,0,1.0,0,0,0.0,6,1.0,0.0,
2024,boys,TJ,bay-shore,7,7,6,1,0,0,0,0,7,1,0,0,,0,6,0,1,0,0,0,0,0,0,0,1,0.8571,1,0,0.1429,6,0.8571,0.1429,
2024,boys,TJ,class-a,3,3,3,0,0,0,0,0,3,0,0,0,,0,3,0,0,0,0,0,0,0,0,0,0,1.0,0,0,0.0,3,1.0,0.0,
2024,boys,TJ,redwood-empire,6,5,5,0,1,0,1,1,6,0,1,0,redwood-empire:1,1,5,1,0,0,0,0,0,0,0,0,1,0.8333,0,0,0.0,6,1.0,0.0,0.0
2024,boys,TJ,tri-valley,8,7,7,0,1,1,0,0,8,1,1,1,,0,7,0,1,0,0,0,0,0,0,0,1,0.875,1,0,0.125,7,0.875,0.0,1.0
2024,girls,100,bay-shore,6,6,6,0,0,0,0,0,6,0,0,0,,0,6,0,0,0,0,0,0,0,0,0,0,1.0,0,0,0.0,6,1.0,0.0,
2024,girls,100,class-a,3,3,3,0,0,0,0,0,3,0,0,0,,0,3,0,0,0,0,0,0,0,0,0,0,1.0,0,0,0.0,3,1.0,0.0,
2024,girls,100,redwood-empire,6,6,6,0,0,0,0,0,6,0,0,0,,0,6,0,0,0,0,0,0,0,0,0,0,1.0,0,0,0.0,6,1.0,0.0,
2024,girls,100,tri-valley,9,9,9,0,0,0,0,0,9,0,0,0,,0,9,0,0,0,0,0,0,0,0,0,0,1.0,0,0,0.0,9,1.0,0.0,
2024,girls,100H,bay-shore,6,6,6,0,0,0,0,0,6,0,0,0,,0,6,0,0,0,0,0,0,0,0,0,0,1.0,0,0,0.0,6,1.0,0.0,
2024,girls,100H,class-a,5,5,5,0,0,0,0,0,5,0,0,0,,0,5,0,0,0,0,0,0,0,0,0,0,1.0,0,0,0.0,5,1.0,0.0,
2024,girls,100H,redwood-empire,6,6,6,0,0,0,0,0,6,0,0,0,,0,6,0,0,0,0,0,0,0,0,0,0,1.0,0,0,0.0,6,1.0,0.0,
2024,girls,100H,tri-valley,7,7,7,0,0,0,0,0,7,0,0,0,,0,7,0,0,0,0,0,0,0,0,0,0,1.0,0,0,0.0,7,1.0,0.0,
2024,girls,1600,bay-shore,6,5,5,0,1,0,1,0,6,0,1,0,,0,5,0,0,0,1,0,0,0,0,0,1,0.8333,1,1,0.0,5,0.8333,0.0,0.0
2024,girls,1600,class-a,6,4,4,0,2,1,1,0,4,0,2,1,,0,3,0,0,0,1,1,0,1,0,2,2,0.6667,2,2,0.0,3,0.75,0.0,0.5
2024,girls,1600,redwood-empire,6,4,4,0,2,2,0,2,6,0,2,2,redwood-empire:2,2,4,2,0,0,0,0,0,0,0,0,2,0.6667,0,0,0.0,6,1.0,0.0,1.0
2024,girls,1600,tri-valley,14,12,12,0,2,2,0,0,8,0,2,2,,0,6,0,0,2,0,6,0,0,0,6,2,0.8571,2,2,0.0,6,0.75,0.0,1.0
2024,girls,200,bay-shore,6,6,6,0,0,0,0,0,6,0,0,0,,0,6,0,0,0,0,0,0,0,0,0,0,1.0,0,0,0.0,6,1.0,0.0,
2024,girls,200,class-a,4,3,3,0,1,0,1,0,4,0,1,1,,0,3,0,0,1,0,0,0,0,0,0,1,0.75,1,1,0.0,3,0.75,0.0,1.0
2024,girls,200,redwood-empire,6,5,5,0,1,1,0,1,6,0,1,1,redwood-empire:1,1,5,1,0,0,0,0,0,0,0,0,1,0.8333,0,0,0.0,6,1.0,0.0,1.0
2024,girls,200,tri-valley,8,8,8,0,0,0,0,0,8,0,0,0,,0,8,0,0,0,0,0,0,0,0,0,0,1.0,0,0,0.0,8,1.0,0.0,
2024,girls,300H,bay-shore,6,6,6,0,0,0,0,0,6,0,0,0,,0,6,0,0,0,0,0,0,0,0,0,0,1.0,0,0,0.0,6,1.0,0.0,
2024,girls,300H,class-a,3,3,3,0,0,0,0,0,3,0,0,0,,0,3,0,0,0,0,0,0,0,0,0,0,1.0,0,0,0.0,3,1.0,0.0,
2024,girls,300H,redwood-empire,6,6,6,0,0,0,0,0,6,0,0,0,,0,6,0,0,0,0,0,0,0,0,0,0,1.0,0,0,0.0,6,1.0,0.0,
2024,girls,300H,tri-valley,9,9,8,1,0,0,0,0,9,1,0,0,,0,8,0,1,0,0,0,0,0,0,0,1,0.8889,1,0,0.1111,8,0.8889,0.1111,
2024,girls,3200,bay-shore,6,6,6,0,0,0,0,0,6,0,0,0,,0,6,0,0,0,0,0,0,0,0,0,0,1.0,0,0,0.0,6,1.0,0.0,
2024,girls,3200,class-a,4,4,4,0,0,0,0,0,4,0,0,0,,0,4,0,0,0,0,0,0,0,0,0,0,1.0,0,0,0.0,4,1.0,0.0,
2024,girls,3200,redwood-empire,6,6,6,0,0,0,0,0,6,0,0,0,,0,6,0,0,0,0,0,0,0,0,0,0,1.0,0,0,0.0,6,1.0,0.0,
2024,girls,3200,tri-valley,8,8,7,1,0,0,0,0,8,1,0,0,,0,7,0,1,0,0,0,0,0,0,0,1,0.875,1,0,0.125,7,0.875,0.125,
2024,girls,400,bay-shore,6,6,6,0,0,0,0,0,6,0,0,0,,0,6,0,0,0,0,0,0,0,0,0,0,1.0,0,0,0.0,6,1.0,0.0,
2024,girls,400,class-a,3,3,3,0,0,0,0,0,3,0,0,0,,0,3,0,0,0,0,0,0,0,0,0,0,1.0,0,0,0.0,3,1.0,0.0,
2024,girls,400,redwood-empire,6,5,5,0,1,1,0,1,6,0,1,1,redwood-empire:1,1,5,1,0,0,0,0,0,0,0,0,1,0.8333,0,0,0.0,6,1.0,0.0,1.0
2024,girls,400,tri-valley,10,7,7,0,3,3,0,1,9,0,3,3,tri-valley:1,1,6,1,0,2,0,1,0,0,0,1,3,0.7,2,2,0.0,7,0.7778,0.0,1.0
2024,girls,4x100,bay-shore,6,6,6,0,0,0,0,0,6,0,0,0,,0,6,0,0,0,0,0,0,0,0,0,0,1.0,0,0,0.0,6,1.0,0.0,
2024,girls,4x100,class-a,3,3,3,0,0,0,0,0,3,0,0,0,,0,3,0,0,0,0,0,0,0,0,0,0,1.0,0,0,0.0,3,1.0,0.0,
2024,girls,4x100,redwood-empire,6,6,6,0,0,0,0,0,6,0,0,0,,0,6,0,0,0,0,0,0,0,0,0,0,1.0,0,0,0.0,6,1.0,0.0,
2024,girls,4x100,tri-valley,9,9,9,0,0,0,0,0,9,0,0,0,,0,9,0,0,0,0,0,0,0,0,0,0,1.0,0,0,0.0,9,1.0,0.0,
2024,girls,4x400,bay-shore,6,6,6,0,0,0,0,0,6,0,0,0,,0,6,0,0,0,0,0,0,0,0,0,0,1.0,0,0,0.0,6,1.0,0.0,
2024,girls,4x400,class-a,3,3,3,0,0,0,0,0,3,0,0,0,,0,3,0,0,0,0,0,0,0,0,0,0,1.0,0,0,0.0,3,1.0,0.0,
2024,girls,4x400,redwood-empire,6,6,6,0,0,0,0,0,6,0,0,0,,0,6,0,0,0,0,0,0,0,0,0,0,1.0,0,0,0.0,6,1.0,0.0,
2024,girls,4x400,tri-valley,9,9,9,0,0,0,0,0,9,0,0,0,,0,9,0,0,0,0,0,0,0,0,0,0,1.0,0,0,0.0,9,1.0,0.0,
2024,girls,800,bay-shore,6,4,4,0,2,1,1,2,6,0,2,1,bay-shore:2,2,4,2,0,0,0,0,0,0,0,0,2,0.6667,0,0,0.0,6,1.0,0.0,0.5
2024,girls,800,class-a,3,1,1,0,2,2,0,1,3,0,2,2,class-a:1,1,1,1,0,1,0,0,0,0,0,0,2,0.3333,1,1,0.0,2,0.6667,0.0,1.0
2024,girls,800,redwood-empire,6,6,6,0,0,0,0,0,6,0,0,0,,0,6,0,0,0,0,0,0,0,0,0,0,1.0,0,0,0.0,6,1.0,0.0,
2024,girls,800,tri-valley,13,10,10,0,3,3,0,0,9,0,3,3,,0,9,0,0,0,0,1,0,3,0,4,3,0.7692,3,3,0.0,9,1.0,0.0,1.0
2024,girls,DT,bay-shore,6,6,5,1,0,0,0,0,6,1,0,0,,0,5,0,1,0,0,0,0,0,0,0,1,0.8333,1,0,0.1667,5,0.8333,0.1667,
2024,girls,DT,class-a,3,3,3,0,0,0,0,0,3,0,0,0,,0,3,0,0,0,0,0,0,0,0,0,0,1.0,0,0,0.0,3,1.0,0.0,
2024,girls,DT,redwood-empire,6,6,6,0,0,0,0,0,6,0,0,0,,0,6,0,0,0,0,0,0,0,0,0,0,1.0,0,0,0.0,6,1.0,0.0,
2024,girls,DT,tri-valley,9,8,8,0,1,0,1,0,9,1,1,0,,0,8,0,1,0,0,0,0,0,0,0,1,0.8889,1,0,0.1111,8,0.8889,0.0,0.0
2024,girls,HJ,bay-shore,6,6,6,0,0,0,0,0,6,0,0,0,,0,6,0,0,0,0,0,0,0,0,0,0,1.0,0,0,0.0,6,1.0,0.0,
2024,girls,HJ,class-a,4,3,3,0,1,0,1,0,4,0,1,0,,0,3,0,0,0,1,0,0,0,0,0,1,0.75,1,1,0.0,3,0.75,0.0,0.0
2024,girls,HJ,redwood-empire,8,8,7,1,0,0,0,0,8,0,0,0,,0,7,0,0,0,1,0,0,0,0,0,1,0.875,1,1,0.0,7,0.875,0.125,
2024,girls,HJ,tri-valley,8,6,6,0,2,0,2,2,8,0,2,0,tri-valley:2,2,6,2,0,0,0,0,0,0,0,0,2,0.75,0,0,0.0,8,1.0,0.0,0.0
2024,girls,LJ,bay-shore,9,9,8,1,0,0,0,0,9,1,0,0,,0,8,0,1,0,0,0,0,0,0,0,1,0.8889,1,0,0.1111,8,0.8889,0.1111,
2024,girls,LJ,class-a,3,3,3,0,0,0,0,0,3,0,0,0,,0,3,0,0,0,0,0,0,0,0,0,0,1.0,0,0,0.0,3,1.0,0.0,
2024,girls,LJ,redwood-empire,6,5,5,0,1,1,0,1,6,0,1,1,redwood-empire:1,1,5,1,0,0,0,0,0,0,0,0,1,0.8333,0,0,0.0,6,1.0,0.0,1.0
2024,girls,LJ,tri-valley,6,6,6,0,0,0,0,0,6,0,0,0,,0,6,0,0,0,0,0,0,0,0,0,0,1.0,0,0,0.0,6,1.0,0.0,
2024,girls,PV,bay-shore,6,6,5,1,0,0,0,0,6,1,0,0,,0,5,0,1,0,0,0,0,0,0,0,1,0.8333,1,0,0.1667,5,0.8333,0.1667,
2024,girls,PV,class-a,4,2,1,1,2,0,2,1,4,2,2,0,class-a:1,1,1,1,2,0,0,0,0,0,0,0,3,0.25,2,0,0.5,2,0.5,0.5,0.0
2024,girls,PV,redwood-empire,6,5,5,0,1,0,1,0,6,1,1,0,,0,5,0,1,0,0,0,0,0,0,0,1,0.8333,1,0,0.1667,5,0.8333,0.0,0.0
2024,girls,PV,tri-valley,10,10,10,0,0,0,0,0,10,0,0,0,,0,10,0,0,0,0,0,0,0,0,0,0,1.0,0,0,0.0,10,1.0,0.0,
2024,girls,SP,bay-shore,6,6,4,2,0,0,0,0,6,2,0,0,,0,4,0,2,0,0,0,0,0,0,0,2,0.6667,2,0,0.3333,4,0.6667,0.3333,
2024,girls,SP,class-a,3,3,3,0,0,0,0,0,3,0,0,0,,0,3,0,0,0,0,0,0,0,0,0,0,1.0,0,0,0.0,3,1.0,0.0,
2024,girls,SP,redwood-empire,9,9,9,0,0,0,0,0,9,0,0,0,,0,9,0,0,0,0,0,0,0,0,0,0,1.0,0,0,0.0,9,1.0,0.0,
2024,girls,SP,tri-valley,6,6,6,0,0,0,0,0,6,0,0,0,,0,6,0,0,0,0,0,0,0,0,0,0,1.0,0,0,0.0,6,1.0,0.0,
2024,girls,TJ,bay-shore,8,8,8,0,0,0,0,0,8,0,0,0,,0,8,0,0,0,0,0,0,0,0,0,0,1.0,0,0,0.0,8,1.0,0.0,
2024,girls,TJ,class-a,3,2,2,0,1,1,0,0,3,0,1,1,,0,2,0,0,1,0,0,0,0,0,0,1,0.6667,1,1,0.0,2,0.6667,0.0,1.0
2024,girls,TJ,redwood-empire,7,6,6,0,1,0,1,1,7,0,1,0,redwood-empire:1,1,6,1,0,0,0,0,0,0,0,0,1,0.8571,0,0,0.0,7,1.0,0.0,0.0
2024,girls,TJ,tri-valley,6,6,6,0,0,0,0,0,6,0,0,0,,0,6,0,0,0,0,0,0,0,0,0,0,1.0,0,0,0.0,6,1.0,0.0,
2025,boys,100,bay-shore,7,7,7,0,0,0,0,0,6,0,0,0,,0,6,0,0,0,0,1,0,0,0,1,0,1.0,0,0,0.0,6,1.0,0.0,
2025,boys,100,class-a,3,3,3,0,0,0,0,0,3,0,0,0,,0,3,0,0,0,0,0,0,0,0,0,0,1.0,0,0,0.0,3,1.0,0.0,
2025,boys,100,redwood-empire,8,7,7,0,1,0,1,0,6,0,1,0,,0,5,0,0,0,1,2,0,0,0,2,1,0.875,1,1,0.0,5,0.8333,0.0,0.0
2025,boys,100,tri-valley,13,13,12,1,0,0,0,0,9,0,0,0,,0,8,0,0,0,1,4,0,0,0,4,1,0.9231,1,1,0.0,8,0.8889,0.0769,
2025,boys,110H,bay-shore,6,6,6,0,0,0,0,0,6,0,0,0,,0,6,0,0,0,0,0,0,0,0,0,0,1.0,0,0,0.0,6,1.0,0.0,
2025,boys,110H,class-a,3,2,2,0,1,0,1,1,3,0,1,0,class-a:1,1,2,1,0,0,0,0,0,0,0,0,1,0.6667,0,0,0.0,3,1.0,0.0,0.0
2025,boys,110H,redwood-empire,6,6,6,0,0,0,0,0,6,0,0,0,,0,6,0,0,0,0,0,0,0,0,0,0,1.0,0,0,0.0,6,1.0,0.0,
2025,boys,110H,tri-valley,9,9,9,0,0,0,0,0,9,0,0,0,,0,9,0,0,0,0,0,0,0,0,0,0,1.0,0,0,0.0,9,1.0,0.0,
2025,boys,1600,bay-shore,6,6,6,0,0,0,0,0,6,0,0,0,,0,6,0,0,0,0,0,0,0,0,0,0,1.0,0,0,0.0,6,1.0,0.0,
2025,boys,1600,class-a,3,3,3,0,0,0,0,0,3,0,0,0,,0,3,0,0,0,0,0,0,0,0,0,0,1.0,0,0,0.0,3,1.0,0.0,
2025,boys,1600,redwood-empire,7,6,6,0,1,1,0,1,7,0,1,1,redwood-empire:1,1,6,1,0,0,0,0,0,0,0,0,1,0.8571,0,0,0.0,7,1.0,0.0,1.0
2025,boys,1600,tri-valley,8,7,7,0,1,1,0,1,8,0,1,1,tri-valley:1,1,7,1,0,0,0,0,0,0,0,0,1,0.875,0,0,0.0,8,1.0,0.0,1.0
2025,boys,200,bay-shore,7,7,7,0,0,0,0,0,7,0,0,0,,0,7,0,0,0,0,0,0,0,0,0,0,1.0,0,0,0.0,7,1.0,0.0,
2025,boys,200,class-a,3,2,2,0,1,1,0,1,3,0,1,1,class-a:1,1,2,1,0,0,0,0,0,0,0,0,1,0.6667,0,0,0.0,3,1.0,0.0,1.0
2025,boys,200,redwood-empire,8,7,6,1,1,1,0,0,8,2,1,1,,0,6,0,2,0,0,0,0,0,0,0,2,0.75,2,0,0.25,6,0.75,0.1429,1.0
2025,boys,200,tri-valley,7,6,6,0,1,1,0,1,7,0,1,1,tri-valley:1,1,6,1,0,0,0,0,0,0,0,0,1,0.8571,0,0,0.0,7,1.0,0.0,1.0
2025,boys,300H,bay-shore,6,5,4,1,1,1,0,1,6,0,1,1,bay-shore:1,1,4,1,0,1,0,0,0,0,0,0,2,0.6667,1,1,0.0,5,0.8333,0.2,1.0
2025,boys,300H,class-a,3,3,3,0,0,0,0,0,3,0,0,0,,0,3,0,0,0,0,0,0,0,0,0,0,1.0,0,0,0.0,3,1.0,0.0,
2025,boys,300H,redwood-empire,6,6,6,0,0,0,0,0,6,0,0,0,,0,6,0,0,0,0,0,0,0,0,0,0,1.0,0,0,0.0,6,1.0,0.0,
2025,boys,300H,tri-valley,12,12,12,0,0,0,0,0,9,0,0,0,,0,9,0,0,0,0,3,0,0,0,3,0,1.0,0,0,0.0,9,1.0,0.0,
2025,boys,3200,bay-shore,6,6,6,0,0,0,0,0,6,0,0,0,,0,6,0,0,0,0,0,0,0,0,0,0,1.0,0,0,0.0,6,1.0,0.0,
2025,boys,3200,class-a,3,3,3,0,0,0,0,0,3,0,0,0,,0,3,0,0,0,0,0,0,0,0,0,0,1.0,0,0,0.0,3,1.0,0.0,
2025,boys,3200,redwood-empire,6,6,6,0,0,0,0,0,6,0,0,0,,0,6,0,0,0,0,0,0,0,0,0,0,1.0,0,0,0.0,6,1.0,0.0,
2025,boys,3200,tri-valley,9,9,9,0,0,0,0,0,9,0,0,0,,0,9,0,0,0,0,0,0,0,0,0,0,1.0,0,0,0.0,9,1.0,0.0,
2025,boys,400,bay-shore,6,5,5,0,1,1,0,1,6,0,1,1,bay-shore:1,1,5,1,0,0,0,0,0,0,0,0,1,0.8333,0,0,0.0,6,1.0,0.0,1.0
2025,boys,400,class-a,3,3,3,0,0,0,0,0,3,0,0,0,,0,3,0,0,0,0,0,0,0,0,0,0,1.0,0,0,0.0,3,1.0,0.0,
2025,boys,400,redwood-empire,6,5,5,0,1,0,1,1,6,0,1,0,redwood-empire:1,1,5,1,0,0,0,0,0,0,0,0,1,0.8333,0,0,0.0,6,1.0,0.0,0.0
2025,boys,400,tri-valley,9,9,9,0,0,0,0,0,9,0,0,0,,0,9,0,0,0,0,0,0,0,0,0,0,1.0,0,0,0.0,9,1.0,0.0,
2025,boys,4x100,bay-shore,6,6,6,0,0,0,0,0,6,0,0,0,,0,6,0,0,0,0,0,0,0,0,0,0,1.0,0,0,0.0,6,1.0,0.0,
2025,boys,4x100,class-a,3,3,3,0,0,0,0,0,3,0,0,0,,0,3,0,0,0,0,0,0,0,0,0,0,1.0,0,0,0.0,3,1.0,0.0,
2025,boys,4x100,redwood-empire,7,6,6,0,1,1,0,0,7,0,0,0,,0,6,0,0,0,1,0,0,0,0,0,1,0.8571,1,1,0.0,6,0.8571,0.0,
2025,boys,4x100,tri-valley,8,8,8,0,0,0,0,0,8,0,0,0,,0,8,0,0,0,0,0,0,0,0,0,0,1.0,0,0,0.0,8,1.0,0.0,
2025,boys,4x400,bay-shore,6,6,6,0,0,0,0,0,6,0,0,0,,0,6,0,0,0,0,0,0,0,0,0,0,1.0,0,0,0.0,6,1.0,0.0,
2025,boys,4x400,class-a,3,3,2,1,0,0,0,0,3,1,0,0,,0,2,0,1,0,0,0,0,0,0,0,1,0.6667,1,0,0.3333,2,0.6667,0.3333,
2025,boys,4x400,redwood-empire,6,4,4,0,2,2,0,2,6,0,0,0,redwood-empire:2,2,4,2,0,0,0,0,0,0,0,0,2,0.6667,0,0,0.0,6,1.0,0.0,
2025,boys,4x400,tri-valley,9,9,9,0,0,0,0,0,9,0,0,0,,0,9,0,0,0,0,0,0,0,0,0,0,1.0,0,0,0.0,9,1.0,0.0,
2025,boys,800,bay-shore,6,5,5,0,1,1,0,1,6,0,1,1,bay-shore:1,1,5,1,0,0,0,0,0,0,0,0,1,0.8333,0,0,0.0,6,1.0,0.0,1.0
2025,boys,800,class-a,3,0,0,0,3,3,0,1,3,2,3,3,class-a:1,1,0,1,2,0,0,0,0,0,0,0,3,0.0,2,0,0.6667,1,0.3333,,1.0
2025,boys,800,redwood-empire,10,7,7,0,3,2,1,1,7,1,3,3,redwood-empire:1,1,5,1,1,0,0,2,0,1,0,3,3,0.7,2,1,0.1429,6,0.8571,0.0,1.0
2025,boys,800,tri-valley,9,5,5,0,4,4,0,2,8,2,4,4,tri-valley:2,2,4,2,2,0,0,1,0,0,0,1,4,0.5556,2,0,0.25,6,0.75,0.0,1.0
2025,boys,DT,bay-shore,6,6,6,0,0,0,0,0,6,0,0,0,,0,6,0,0,0,0,0,0,0,0,0,0,1.0,0,0,0.0,6,1.0,0.0,
2025,boys,DT,class-a,3,3,3,0,0,0,0,0,3,0,0,0,,0,3,0,0,0,0,0,0,0,0,0,0,1.0,0,0,0.0,3,1.0,0.0,
2025,boys,DT,redwood-empire,7,7,7,0,0,0,0,0,7,0,0,0,,0,7,0,0,0,0,0,0,0,0,0,0,1.0,0,0,0.0,7,1.0,0.0,
2025,boys,DT,tri-valley,8,8,8,0,0,0,0,0,8,0,0,0,,0,8,0,0,0,0,0,0,0,0,0,0,1.0,0,0,0.0,8,1.0,0.0,
2025,boys,HJ,bay-shore,6,5,4,1,1,1,0,1,6,0,1,1,bay-shore:1,1,4,1,0,0,1,0,0,0,0,0,2,0.6667,1,1,0.0,5,0.8333,0.2,1.0
2025,boys,HJ,class-a,3,3,2,1,0,0,0,0,3,0,0,0,,0,2,0,0,1,0,0,0,0,0,0,1,0.6667,1,1,0.0,2,0.6667,0.3333,
2025,boys,HJ,redwood-empire,7,7,7,0,0,0,0,0,7,0,0,0,,0,7,0,0,0,0,0,0,0,0,0,0,1.0,0,0,0.0,7,1.0,0.0,
2025,boys,HJ,tri-valley,13,13,13,0,0,0,0,0,13,0,0,0,,0,13,0,0,0,0,0,0,0,0,0,0,1.0,0,0,0.0,13,1.0,0.0,
2025,boys,LJ,bay-shore,6,6,5,1,0,0,0,0,6,1,0,0,,0,5,0,1,0,0,0,0,0,0,0,1,0.8333,1,0,0.1667,5,0.8333,0.1667,
2025,boys,LJ,class-a,3,3,3,0,0,0,0,0,3,0,0,0,,0,3,0,0,0,0,0,0,0,0,0,0,1.0,0,0,0.0,3,1.0,0.0,
2025,boys,LJ,redwood-empire,6,5,5,0,1,1,0,1,6,0,1,0,redwood-empire:1,1,5,1,0,0,0,0,0,0,0,0,1,0.8333,0,0,0.0,6,1.0,0.0,0.0
2025,boys,LJ,tri-valley,9,9,9,0,0,0,0,0,9,0,0,0,,0,9,0,0,0,0,0,0,0,0,0,0,1.0,0,0,0.0,9,1.0,0.0,
2025,boys,PV,bay-shore,6,5,5,0,1,1,0,1,6,0,1,1,bay-shore:1,1,5,1,0,0,0,0,0,0,0,0,1,0.8333,0,0,0.0,6,1.0,0.0,1.0
2025,boys,PV,class-a,3,3,2,1,0,0,0,0,3,0,0,0,,0,2,0,0,0,1,0,0,0,0,0,1,0.6667,1,1,0.0,2,0.6667,0.3333,
2025,boys,PV,redwood-empire,6,6,6,0,0,0,0,0,6,0,0,0,,0,6,0,0,0,0,0,0,0,0,0,0,1.0,0,0,0.0,6,1.0,0.0,
2025,boys,PV,tri-valley,9,9,9,0,0,0,0,0,9,0,0,0,,0,9,0,0,0,0,0,0,0,0,0,0,1.0,0,0,0.0,9,1.0,0.0,
2025,boys,SP,bay-shore,6,6,6,0,0,0,0,0,6,0,0,0,,0,6,0,0,0,0,0,0,0,0,0,0,1.0,0,0,0.0,6,1.0,0.0,
2025,boys,SP,class-a,3,3,3,0,0,0,0,0,3,0,0,0,,0,3,0,0,0,0,0,0,0,0,0,0,1.0,0,0,0.0,3,1.0,0.0,
2025,boys,SP,redwood-empire,6,6,6,0,0,0,0,0,6,0,0,0,,0,6,0,0,0,0,0,0,0,0,0,0,1.0,0,0,0.0,6,1.0,0.0,
2025,boys,SP,tri-valley,9,9,9,0,0,0,0,0,9,0,0,0,,0,9,0,0,0,0,0,0,0,0,0,0,1.0,0,0,0.0,9,1.0,0.0,
2025,boys,TJ,bay-shore,6,6,6,0,0,0,0,0,6,0,0,0,,0,6,0,0,0,0,0,0,0,0,0,0,1.0,0,0,0.0,6,1.0,0.0,
2025,boys,TJ,class-a,3,3,3,0,0,0,0,0,3,0,0,0,,0,3,0,0,0,0,0,0,0,0,0,0,1.0,0,0,0.0,3,1.0,0.0,
2025,boys,TJ,redwood-empire,6,6,5,1,0,0,0,0,6,1,0,0,,0,5,0,1,0,0,0,0,0,0,0,1,0.8333,1,0,0.1667,5,0.8333,0.1667,
2025,boys,TJ,tri-valley,9,9,9,0,0,0,0,0,9,0,0,0,,0,9,0,0,0,0,0,0,0,0,0,0,1.0,0,0,0.0,9,1.0,0.0,
2025,girls,100,bay-shore,6,6,6,0,0,0,0,0,6,0,0,0,,0,6,0,0,0,0,0,0,0,0,0,0,1.0,0,0,0.0,6,1.0,0.0,
2025,girls,100,class-a,3,3,3,0,0,0,0,0,3,0,0,0,,0,3,0,0,0,0,0,0,0,0,0,0,1.0,0,0,0.0,3,1.0,0.0,
2025,girls,100,redwood-empire,6,5,5,0,1,1,0,1,6,0,1,1,redwood-empire:1,1,5,1,0,0,0,0,0,0,0,0,1,0.8333,0,0,0.0,6,1.0,0.0,1.0
2025,girls,100,tri-valley,11,10,10,0,1,1,0,0,9,0,1,1,,0,8,0,0,1,0,2,0,0,0,2,1,0.9091,1,1,0.0,8,0.8889,0.0,1.0
2025,girls,100H,bay-shore,6,6,6,0,0,0,0,0,6,0,0,0,,0,6,0,0,0,0,0,0,0,0,0,0,1.0,0,0,0.0,6,1.0,0.0,
2025,girls,100H,class-a,5,5,4,1,0,0,0,0,5,1,0,0,,0,4,0,1,0,0,0,0,0,0,0,1,0.8,1,0,0.2,4,0.8,0.2,
2025,girls,100H,redwood-empire,7,6,6,0,1,1,0,1,7,0,1,1,redwood-empire:1,1,6,1,0,0,0,0,0,0,0,0,1,0.8571,0,0,0.0,7,1.0,0.0,1.0
2025,girls,100H,tri-valley,6,6,6,0,0,0,0,0,6,0,0,0,,0,6,0,0,0,0,0,0,0,0,0,0,1.0,0,0,0.0,6,1.0,0.0,
2025,girls,1600,bay-shore,6,3,3,0,3,3,0,2,6,0,3,3,bay-shore:2,2,3,2,0,1,0,0,0,0,0,0,3,0.5,1,1,0.0,5,0.8333,0.0,1.0
2025,girls,1600,class-a,3,3,3,0,0,0,0,0,3,0,0,0,,0,3,0,0,0,0,0,0,0,0,0,0,1.0,0,0,0.0,3,1.0,0.0,
2025,girls,1600,redwood-empire,9,9,9,0,0,0,0,0,8,0,0,0,,0,8,0,0,0,0,1,0,0,0,1,0,1.0,0,0,0.0,8,1.0,0.0,
2025,girls,1600,tri-valley,10,6,6,0,4,4,0,0,7,0,4,4,,0,3,0,0,4,0,3,0,0,0,3,4,0.6,4,4,0.0,3,0.4286,0.0,1.0
2025,girls,200,bay-shore,6,5,5,0,1,1,0,0,6,0,1,1,,0,5,0,0,1,0,0,0,0,0,0,1,0.8333,1,1,0.0,5,0.8333,0.0,1.0
2025,girls,200,class-a,4,4,4,0,0,0,0,0,3,0,0,0,,0,3,0,0,0,0,1,0,0,0,1,0,1.0,0,0,0.0,3,1.0,0.0,
2025,girls,200,redwood-empire,6,4,4,0,2,2,0,2,6,0,2,2,redwood-empire:2,2,4,2,0,0,0,0,0,0,0,0,2,0.6667,0,0,0.0,6,1.0,0.0,1.0
2025,girls,200,tri-valley,12,11,11,0,1,1,0,0,9,0,1,1,,0,8,0,0,1,0,3,0,0,0,3,1,0.9167,1,1,0.0,8,0.8889,0.0,1.0
2025,girls,300H,bay-shore,6,6,6,0,0,0,0,0,6,0,0,0,,0,6,0,0,0,0,0,0,0,0,0,0,1.0,0,0,0.0,6,1.0,0.0,
2025,girls,300H,class-a,3,3,3,0,0,0,0,0,3,0,0,0,,0,3,0,0,0,0,0,0,0,0,0,0,1.0,0,0,0.0,3,1.0,0.0,
2025,girls,300H,redwood-empire,6,6,6,0,0,0,0,0,6,0,0,0,,0,6,0,0,0,0,0,0,0,0,0,0,1.0,0,0,0.0,6,1.0,0.0,
2025,girls,300H,tri-valley,9,9,9,0,0,0,0,0,9,0,0,0,,0,9,0,0,0,0,0,0,0,0,0,0,1.0,0,0,0.0,9,1.0,0.0,
2025,girls,3200,bay-shore,6,6,6,0,0,0,0,0,6,0,0,0,,0,6,0,0,0,0,0,0,0,0,0,0,1.0,0,0,0.0,6,1.0,0.0,
2025,girls,3200,class-a,3,3,3,0,0,0,0,0,3,0,0,0,,0,3,0,0,0,0,0,0,0,0,0,0,1.0,0,0,0.0,3,1.0,0.0,
2025,girls,3200,redwood-empire,8,8,8,0,0,0,0,0,8,0,0,0,,0,8,0,0,0,0,0,0,0,0,0,0,1.0,0,0,0.0,8,1.0,0.0,
2025,girls,3200,tri-valley,7,7,6,1,0,0,0,0,7,1,0,0,,0,6,0,1,0,0,0,0,0,0,0,1,0.8571,1,0,0.1429,6,0.8571,0.1429,
2025,girls,400,bay-shore,6,6,6,0,0,0,0,0,6,0,0,0,,0,6,0,0,0,0,0,0,0,0,0,0,1.0,0,0,0.0,6,1.0,0.0,
2025,girls,400,class-a,4,3,3,0,1,1,0,0,3,0,1,1,,0,2,0,0,1,0,1,0,0,0,1,1,0.75,1,1,0.0,2,0.6667,0.0,1.0
2025,girls,400,redwood-empire,6,5,5,0,1,0,1,1,6,0,1,0,redwood-empire:1,1,5,1,0,0,0,0,0,0,0,0,1,0.8333,0,0,0.0,6,1.0,0.0,0.0
2025,girls,400,tri-valley,11,9,9,0,2,2,0,0,9,0,2,2,,0,7,0,0,2,0,2,0,0,0,2,2,0.8182,2,2,0.0,7,0.7778,0.0,1.0
2025,girls,4x100,bay-shore,7,7,7,0,0,0,0,0,7,0,0,0,,0,7,0,0,0,0,0,0,0,0,0,0,1.0,0,0,0.0,7,1.0,0.0,
2025,girls,4x100,class-a,3,2,2,0,1,1,0,1,3,0,0,0,class-a:1,1,2,1,0,0,0,0,0,0,0,0,1,0.6667,0,0,0.0,3,1.0,0.0,
2025,girls,4x100,redwood-empire,6,6,6,0,0,0,0,0,6,0,0,0,,0,6,0,0,0,0,0,0,0,0,0,0,1.0,0,0,0.0,6,1.0,0.0,
2025,girls,4x100,tri-valley,8,8,8,0,0,0,0,0,8,0,0,0,,0,8,0,0,0,0,0,0,0,0,0,0,1.0,0,0,0.0,8,1.0,0.0,
2025,girls,4x400,bay-shore,6,5,5,0,1,0,1,1,6,0,0,0,bay-shore:1,1,5,1,0,0,0,0,0,0,0,0,1,0.8333,0,0,0.0,6,1.0,0.0,
2025,girls,4x400,class-a,4,4,4,0,0,0,0,0,4,0,0,0,,0,4,0,0,0,0,0,0,0,0,0,0,1.0,0,0,0.0,4,1.0,0.0,
2025,girls,4x400,redwood-empire,6,6,6,0,0,0,0,0,6,0,0,0,,0,6,0,0,0,0,0,0,0,0,0,0,1.0,0,0,0.0,6,1.0,0.0,
2025,girls,4x400,tri-valley,8,8,8,0,0,0,0,0,8,0,0,0,,0,8,0,0,0,0,0,0,0,0,0,0,1.0,0,0,0.0,8,1.0,0.0,
2025,girls,800,bay-shore,6,6,6,0,0,0,0,0,6,0,0,0,,0,6,0,0,0,0,0,0,0,0,0,0,1.0,0,0,0.0,6,1.0,0.0,
2025,girls,800,class-a,6,5,5,0,1,1,0,0,5,0,1,1,,0,4,0,0,1,0,1,0,0,0,1,1,0.8333,1,1,0.0,4,0.8,0.0,1.0
2025,girls,800,redwood-empire,6,6,6,0,0,0,0,0,6,0,0,0,,0,6,0,0,0,0,0,0,0,0,0,0,1.0,0,0,0.0,6,1.0,0.0,
2025,girls,800,tri-valley,8,7,7,0,1,1,0,0,7,0,1,1,,0,6,0,0,1,0,1,0,0,0,1,1,0.875,1,1,0.0,6,0.8571,0.0,1.0
2025,girls,DT,bay-shore,6,6,6,0,0,0,0,0,6,0,0,0,,0,6,0,0,0,0,0,0,0,0,0,0,1.0,0,0,0.0,6,1.0,0.0,
2025,girls,DT,class-a,3,3,3,0,0,0,0,0,3,0,0,0,,0,3,0,0,0,0,0,0,0,0,0,0,1.0,0,0,0.0,3,1.0,0.0,
2025,girls,DT,redwood-empire,9,9,8,1,0,0,0,0,8,0,0,0,,0,8,0,0,0,0,0,0,1,0,1,1,0.8889,1,1,0.0,8,1.0,0.1111,
2025,girls,DT,tri-valley,7,7,7,0,0,0,0,0,7,0,0,0,,0,7,0,0,0,0,0,0,0,0,0,0,1.0,0,0,0.0,7,1.0,0.0,
2025,girls,HJ,bay-shore,6,4,3,1,2,2,0,2,6,0,2,2,bay-shore:2,2,3,2,0,0,1,0,0,0,0,0,3,0.5,1,1,0.0,5,0.8333,0.25,1.0
2025,girls,HJ,class-a,4,4,3,1,0,0,0,0,4,0,0,0,,0,3,0,0,0,1,0,0,0,0,0,1,0.75,1,1,0.0,3,0.75,0.25,
2025,girls,HJ,redwood-empire,6,5,5,0,1,0,1,1,6,0,1,0,redwood-empire:1,1,5,1,0,0,0,0,0,0,0,0,1,0.8333,0,0,0.0,6,1.0,0.0,0.0
2025,girls,HJ,tri-valley,9,9,9,0,0,0,0,0,9,0,0,0,,0,9,0,0,0,0,0,0,0,0,0,0,1.0,0,0,0.0,9,1.0,0.0,
2025,girls,LJ,bay-shore,7,7,7,0,0,0,0,0,7,0,0,0,,0,7,0,0,0,0,0,0,0,0,0,0,1.0,0,0,0.0,7,1.0,0.0,
2025,girls,LJ,class-a,3,2,1,1,1,0,1,1,3,1,1,0,class-a:1,1,1,1,1,0,0,0,0,0,0,0,2,0.3333,1,0,0.3333,2,0.6667,0.5,0.0
2025,girls,LJ,redwood-empire,6,6,5,1,0,0,0,0,6,1,0,0,,0,5,0,1,0,0,0,0,0,0,0,1,0.8333,1,0,0.1667,5,0.8333,0.1667,
2025,girls,LJ,tri-valley,8,6,5,1,2,2,0,2,8,1,2,2,tri-valley:2,2,5,2,1,0,0,0,0,0,0,0,3,0.625,1,0,0.125,7,0.875,0.1667,1.0
2025,girls,PV,bay-shore,6,6,6,0,0,0,0,0,6,0,0,0,,0,6,0,0,0,0,0,0,0,0,0,0,1.0,0,0,0.0,6,1.0,0.0,
2025,girls,PV,class-a,3,3,3,0,0,0,0,0,3,0,0,0,,0,3,0,0,0,0,0,0,0,0,0,0,1.0,0,0,0.0,3,1.0,0.0,
2025,girls,PV,redwood-empire,8,8,8,0,0,0,0,0,8,0,0,0,,0,8,0,0,0,0,0,0,0,0,0,0,1.0,0,0,0.0,8,1.0,0.0,
2025,girls,PV,tri-valley,8,7,7,0,1,0,1,0,8,0,1,0,,0,7,0,0,0,1,0,0,0,0,0,1,0.875,1,1,0.0,7,0.875,0.0,0.0
2025,girls,SP,bay-shore,6,6,6,0,0,0,0,0,6,0,0,0,,0,6,0,0,0,0,0,0,0,0,0,0,1.0,0,0,0.0,6,1.0,0.0,
2025,girls,SP,class-a,3,3,3,0,0,0,0,0,3,0,0,0,,0,3,0,0,0,0,0,0,0,0,0,0,1.0,0,0,0.0,3,1.0,0.0,
2025,girls,SP,redwood-empire,7,7,7,0,0,0,0,0,7,0,0,0,,0,7,0,0,0,0,0,0,0,0,0,0,1.0,0,0,0.0,7,1.0,0.0,
2025,girls,SP,tri-valley,8,8,8,0,0,0,0,0,8,0,0,0,,0,8,0,0,0,0,0,0,0,0,0,0,1.0,0,0,0.0,8,1.0,0.0,
2025,girls,TJ,bay-shore,7,7,7,0,0,0,0,0,7,0,0,0,,0,7,0,0,0,0,0,0,0,0,0,0,1.0,0,0,0.0,7,1.0,0.0,
2025,girls,TJ,class-a,3,2,2,0,1,0,1,0,3,0,1,0,,0,2,0,0,0,1,0,0,0,0,0,1,0.6667,1,1,0.0,2,0.6667,0.0,0.0
2025,girls,TJ,redwood-empire,6,6,6,0,0,0,0,0,6,0,0,0,,0,6,0,0,0,0,0,0,0,0,0,0,1.0,0,0,0.0,6,1.0,0.0,
2025,girls,TJ,tri-valley,8,8,8,0,0,0,0,0,8,0,0,0,,0,8,0,0,0,0,0,0,0,0,0,0,1.0,0,0,0.0,8,1.0,0.0,
2026,boys,100,bay-shore,6,6,6,0,0,0,0,0,6,0,0,0,,0,6,0,0,0,0,0,0,0,0,0,0,1.0,0,0,0.0,6,1.0,0.0,
2026,boys,100,class-a,3,3,3,0,0,0,0,0,3,0,0,0,,0,3,0,0,0,0,0,0,0,0,0,0,1.0,0,0,0.0,3,1.0,0.0,
2026,boys,100,redwood-empire,6,6,6,0,0,0,0,0,6,0,0,0,,0,6,0,0,0,0,0,0,0,0,0,0,1.0,0,0,0.0,6,1.0,0.0,
2026,boys,100,tri-valley,9,9,9,0,0,0,0,0,9,0,0,0,,0,9,0,0,0,0,0,0,0,0,0,0,1.0,0,0,0.0,9,1.0,0.0,
2026,boys,110H,bay-shore,6,6,6,0,0,0,0,0,6,0,0,0,,0,6,0,0,0,0,0,0,0,0,0,0,1.0,0,0,0.0,6,1.0,0.0,
2026,boys,110H,class-a,3,2,2,0,1,0,1,1,3,0,1,0,class-a:1,1,2,1,0,0,0,0,0,0,0,0,1,0.6667,0,0,0.0,3,1.0,0.0,0.0
2026,boys,110H,redwood-empire,6,5,5,0,1,1,0,1,6,0,1,1,redwood-empire:1,1,5,1,0,0,0,0,0,0,0,0,1,0.8333,0,0,0.0,6,1.0,0.0,1.0
2026,boys,110H,tri-valley,9,8,8,0,1,1,0,1,9,0,1,1,tri-valley:1,1,8,1,0,0,0,0,0,0,0,0,1,0.8889,0,0,0.0,9,1.0,0.0,1.0
2026,boys,1600,bay-shore,6,5,5,0,1,1,0,1,6,0,1,1,bay-shore:1,1,5,1,0,0,0,0,0,0,0,0,1,0.8333,0,0,0.0,6,1.0,0.0,1.0
2026,boys,1600,class-a,3,2,2,0,1,1,0,1,3,0,1,1,class-a:1,1,2,1,0,0,0,0,0,0,0,0,1,0.6667,0,0,0.0,3,1.0,0.0,1.0
2026,boys,1600,redwood-empire,11,7,7,0,4,4,0,0,9,0,4,4,,0,5,0,0,4,0,2,0,0,0,2,4,0.6364,4,4,0.0,5,0.5556,0.0,1.0
2026,boys,1600,tri-valley,11,9,9,0,2,2,0,0,6,0,2,2,,0,6,0,0,0,0,3,0,2,0,5,2,0.8182,2,2,0.0,6,1.0,0.0,1.0
2026,boys,200,bay-shore,9,9,8,1,0,0,0,0,6,0,0,0,,0,6,0,0,0,0,2,0,1,0,3,1,0.8889,1,1,0.0,6,1.0,0.1111,
2026,boys,200,class-a,5,5,4,1,0,0,0,0,3,0,0,0,,0,3,0,0,0,0,1,0,0,1,2,1,0.8,1,1,0.0,3,1.0,0.2,
2026,boys,200,redwood-empire,6,5,5,0,1,1,0,1,6,0,1,1,redwood-empire:1,1,5,1,0,0,0,0,0,0,0,0,1,0.8333,0,0,0.0,6,1.0,0.0,1.0
2026,boys,200,tri-valley,19,16,16,0,3,3,0,0,9,0,3,3,,0,7,0,0,2,0,9,0,1,0,10,3,0.8421,3,3,0.0,7,0.7778,0.0,1.0
2026,boys,300H,bay-shore,6,6,6,0,0,0,0,0,6,0,0,0,,0,6,0,0,0,0,0,0,0,0,0,0,1.0,0,0,0.0,6,1.0,0.0,
2026,boys,300H,class-a,3,3,3,0,0,0,0,0,3,0,0,0,,0,3,0,0,0,0,0,0,0,0,0,0,1.0,0,0,0.0,3,1.0,0.0,
2026,boys,300H,redwood-empire,6,6,6,0,0,0,0,0,6,0,0,0,,0,6,0,0,0,0,0,0,0,0,0,0,1.0,0,0,0.0,6,1.0,0.0,
2026,boys,300H,tri-valley,10,10,10,0,0,0,0,0,9,0,0,0,,0,9,0,0,0,0,1,0,0,0,1,0,1.0,0,0,0.0,9,1.0,0.0,
2026,boys,3200,bay-shore,8,8,8,0,0,0,0,0,8,0,0,0,,0,8,0,0,0,0,0,0,0,0,0,0,1.0,0,0,0.0,8,1.0,0.0,
2026,boys,3200,class-a,3,3,3,0,0,0,0,0,3,0,0,0,,0,3,0,0,0,0,0,0,0,0,0,0,1.0,0,0,0.0,3,1.0,0.0,
2026,boys,3200,redwood-empire,6,6,6,0,0,0,0,0,6,0,0,0,,0,6,0,0,0,0,0,0,0,0,0,0,1.0,0,0,0.0,6,1.0,0.0,
2026,boys,3200,tri-valley,7,7,7,0,0,0,0,0,7,0,0,0,,0,7,0,0,0,0,0,0,0,0,0,0,1.0,0,0,0.0,7,1.0,0.0,
2026,boys,400,bay-shore,6,6,6,0,0,0,0,0,6,0,0,0,,0,6,0,0,0,0,0,0,0,0,0,0,1.0,0,0,0.0,6,1.0,0.0,
2026,boys,400,class-a,3,3,2,1,0,0,0,0,3,1,0,0,,0,2,0,1,0,0,0,0,0,0,0,1,0.6667,1,0,0.3333,2,0.6667,0.3333,
2026,boys,400,redwood-empire,7,6,6,0,1,1,0,0,6,1,1,1,,0,5,0,1,0,0,1,0,0,0,1,1,0.8571,1,0,0.1667,5,0.8333,0.0,1.0
2026,boys,400,tri-valley,9,9,9,0,0,0,0,0,9,0,0,0,,0,9,0,0,0,0,0,0,0,0,0,0,1.0,0,0,0.0,9,1.0,0.0,
2026,boys,4x100,bay-shore,6,6,6,0,0,0,0,0,6,0,0,0,,0,6,0,0,0,0,0,0,0,0,0,0,1.0,0,0,0.0,6,1.0,0.0,
2026,boys,4x100,class-a,3,3,3,0,0,0,0,0,3,0,0,0,,0,3,0,0,0,0,0,0,0,0,0,0,1.0,0,0,0.0,3,1.0,0.0,
2026,boys,4x100,redwood-empire,6,6,6,0,0,0,0,0,6,0,0,0,,0,6,0,0,0,0,0,0,0,0,0,0,1.0,0,0,0.0,6,1.0,0.0,
2026,boys,4x100,tri-valley,9,9,9,0,0,0,0,0,9,0,0,0,,0,9,0,0,0,0,0,0,0,0,0,0,1.0,0,0,0.0,9,1.0,0.0,
2026,boys,4x400,bay-shore,6,6,6,0,0,0,0,0,6,0,0,0,,0,6,0,0,0,0,0,0,0,0,0,0,1.0,0,0,0.0,6,1.0,0.0,
2026,boys,4x400,class-a,3,3,3,0,0,0,0,0,3,0,0,0,,0,3,0,0,0,0,0,0,0,0,0,0,1.0,0,0,0.0,3,1.0,0.0,
2026,boys,4x400,redwood-empire,6,5,5,0,1,0,1,1,6,0,0,0,redwood-empire:1,1,5,1,0,0,0,0,0,0,0,0,1,0.8333,0,0,0.0,6,1.0,0.0,
2026,boys,4x400,tri-valley,9,9,9,0,0,0,0,0,9,0,0,0,,0,9,0,0,0,0,0,0,0,0,0,0,1.0,0,0,0.0,9,1.0,0.0,
2026,boys,800,bay-shore,6,5,5,0,1,1,0,1,6,0,1,1,bay-shore:1,1,5,1,0,0,0,0,0,0,0,0,1,0.8333,0,0,0.0,6,1.0,0.0,1.0
2026,boys,800,class-a,3,3,3,0,0,0,0,0,3,0,0,0,,0,3,0,0,0,0,0,0,0,0,0,0,1.0,0,0,0.0,3,1.0,0.0,
2026,boys,800,redwood-empire,11,9,9,0,2,2,0,0,7,0,2,2,,0,6,0,0,1,0,3,0,1,0,4,2,0.8182,2,2,0.0,6,0.8571,0.0,1.0
2026,boys,800,tri-valley,12,11,11,0,1,1,0,0,8,0,1,1,,0,7,0,0,1,0,4,0,0,0,4,1,0.9167,1,1,0.0,7,0.875,0.0,1.0
2026,boys,DT,bay-shore,6,6,6,0,0,0,0,0,6,0,0,0,,0,6,0,0,0,0,0,0,0,0,0,0,1.0,0,0,0.0,6,1.0,0.0,
2026,boys,DT,class-a,3,3,3,0,0,0,0,0,3,0,0,0,,0,3,0,0,0,0,0,0,0,0,0,0,1.0,0,0,0.0,3,1.0,0.0,
2026,boys,DT,redwood-empire,6,6,6,0,0,0,0,0,6,0,0,0,,0,6,0,0,0,0,0,0,0,0,0,0,1.0,0,0,0.0,6,1.0,0.0,
2026,boys,DT,tri-valley,9,8,8,0,1,1,0,0,9,0,1,0,,0,8,0,0,0,1,0,0,0,0,0,1,0.8889,1,1,0.0,8,0.8889,0.0,0.0
2026,boys,HJ,bay-shore,6,6,6,0,0,0,0,0,6,0,0,0,,0,6,0,0,0,0,0,0,0,0,0,0,1.0,0,0,0.0,6,1.0,0.0,
2026,boys,HJ,class-a,3,3,2,1,0,0,0,0,3,1,0,0,,0,2,0,1,0,0,0,0,0,0,0,1,0.6667,1,0,0.3333,2,0.6667,0.3333,
2026,boys,HJ,redwood-empire,6,5,5,0,1,0,1,1,6,0,1,0,redwood-empire:1,1,5,1,0,0,0,0,0,0,0,0,1,0.8333,0,0,0.0,6,1.0,0.0,0.0
2026,boys,HJ,tri-valley,9,9,9,0,0,0,0,0,9,0,0,0,,0,9,0,0,0,0,0,0,0,0,0,0,1.0,0,0,0.0,9,1.0,0.0,
2026,boys,LJ,bay-shore,7,6,6,0,1,1,0,0,7,0,1,1,,0,6,0,0,1,0,0,0,0,0,0,1,0.8571,1,1,0.0,6,0.8571,0.0,1.0
2026,boys,LJ,class-a,3,3,2,1,0,0,0,0,3,0,0,0,,0,2,0,0,1,0,0,0,0,0,0,1,0.6667,1,1,0.0,2,0.6667,0.3333,
2026,boys,LJ,redwood-empire,6,6,5,1,0,0,0,0,6,0,0,0,,0,5,0,0,0,1,0,0,0,0,0,1,0.8333,1,1,0.0,5,0.8333,0.1667,
2026,boys,LJ,tri-valley,8,8,8,0,0,0,0,0,8,0,0,0,,0,8,0,0,0,0,0,0,0,0,0,0,1.0,0,0,0.0,8,1.0,0.0,
2026,boys,PV,bay-shore,6,6,6,0,0,0,0,0,6,0,0,0,,0,6,0,0,0,0,0,0,0,0,0,0,1.0,0,0,0.0,6,1.0,0.0,
2026,boys,PV,class-a,3,3,3,0,0,0,0,0,3,0,0,0,,0,3,0,0,0,0,0,0,0,0,0,0,1.0,0,0,0.0,3,1.0,0.0,
2026,boys,PV,redwood-empire,6,5,5,0,1,0,1,1,6,0,1,0,redwood-empire:1,1,5,1,0,0,0,0,0,0,0,0,1,0.8333,0,0,0.0,6,1.0,0.0,0.0
2026,boys,PV,tri-valley,10,10,9,1,0,0,0,0,10,0,0,0,,0,9,0,0,0,1,0,0,0,0,0,1,0.9,1,1,0.0,9,0.9,0.1,
2026,boys,SP,bay-shore,6,6,6,0,0,0,0,0,6,0,0,0,,0,6,0,0,0,0,0,0,0,0,0,0,1.0,0,0,0.0,6,1.0,0.0,
2026,boys,SP,class-a,3,3,3,0,0,0,0,0,3,0,0,0,,0,3,0,0,0,0,0,0,0,0,0,0,1.0,0,0,0.0,3,1.0,0.0,
2026,boys,SP,redwood-empire,6,6,6,0,0,0,0,0,6,0,0,0,,0,6,0,0,0,0,0,0,0,0,0,0,1.0,0,0,0.0,6,1.0,0.0,
2026,boys,SP,tri-valley,9,9,8,1,0,0,0,0,9,1,0,0,,0,8,0,1,0,0,0,0,0,0,0,1,0.8889,1,0,0.1111,8,0.8889,0.1111,
2026,boys,TJ,bay-shore,6,6,6,0,0,0,0,0,6,0,0,0,,0,6,0,0,0,0,0,0,0,0,0,0,1.0,0,0,0.0,6,1.0,0.0,
2026,boys,TJ,class-a,3,2,2,0,1,0,1,0,3,1,1,0,,0,2,0,1,0,0,0,0,0,0,0,1,0.6667,1,0,0.3333,2,0.6667,0.0,0.0
2026,boys,TJ,redwood-empire,8,7,7,0,1,0,1,1,8,0,1,0,redwood-empire:1,1,7,1,0,0,0,0,0,0,0,0,1,0.875,0,0,0.0,8,1.0,0.0,0.0
2026,boys,TJ,tri-valley,7,7,7,0,0,0,0,0,7,0,0,0,,0,7,0,0,0,0,0,0,0,0,0,0,1.0,0,0,0.0,7,1.0,0.0,
2026,girls,100,bay-shore,8,8,8,0,0,0,0,0,8,0,0,0,,0,8,0,0,0,0,0,0,0,0,0,0,1.0,0,0,0.0,8,1.0,0.0,
2026,girls,100,class-a,3,2,1,1,1,0,1,1,3,1,1,0,class-a:1,1,1,1,1,0,0,0,0,0,0,0,2,0.3333,1,0,0.3333,2,0.6667,0.5,0.0
2026,girls,100,redwood-empire,6,5,5,0,1,1,0,0,6,1,1,1,,0,5,0,1,0,0,0,0,0,0,0,1,0.8333,1,0,0.1667,5,0.8333,0.0,1.0
2026,girls,100,tri-valley,7,7,7,0,0,0,0,0,7,0,0,0,,0,7,0,0,0,0,0,0,0,0,0,0,1.0,0,0,0.0,7,1.0,0.0,
2026,girls,100H,bay-shore,6,6,6,0,0,0,0,0,6,0,0,0,,0,6,0,0,0,0,0,0,0,0,0,0,1.0,0,0,0.0,6,1.0,0.0,
2026,girls,100H,class-a,3,3,3,0,0,0,0,0,3,0,0,0,,0,3,0,0,0,0,0,0,0,0,0,0,1.0,0,0,0.0,3,1.0,0.0,
2026,girls,100H,redwood-empire,6,6,6,0,0,0,0,0,6,0,0,0,,0,6,0,0,0,0,0,0,0,0,0,0,1.0,0,0,0.0,6,1.0,0.0,
2026,girls,100H,tri-valley,9,7,7,0,2,2,0,2,9,0,2,2,tri-valley:2,2,7,2,0,0,0,0,0,0,0,0,2,0.7778,0,0,0.0,9,1.0,0.0,1.0
2026,girls,1600,bay-shore,6,6,6,0,0,0,0,0,6,0,0,0,,0,6,0,0,0,0,0,0,0,0,0,0,1.0,0,0,0.0,6,1.0,0.0,
2026,girls,1600,class-a,5,4,4,0,1,1,0,0,4,0,1,1,,0,3,0,0,1,0,1,0,0,0,1,1,0.8,1,1,0.0,3,0.75,0.0,1.0
2026,girls,1600,redwood-empire,8,8,8,0,0,0,0,0,8,0,0,0,,0,8,0,0,0,0,0,0,0,0,0,0,1.0,0,0,0.0,8,1.0,0.0,
2026,girls,1600,tri-valley,12,12,12,0,0,0,0,0,6,0,0,0,,0,6,0,0,0,0,6,0,0,0,6,0,1.0,0,0,0.0,6,1.0,0.0,
2026,girls,200,bay-shore,7,7,7,0,0,0,0,0,7,0,0,0,,0,7,0,0,0,0,0,0,0,0,0,0,1.0,0,0,0.0,7,1.0,0.0,
2026,girls,200,class-a,3,2,2,0,1,0,1,1,3,0,1,0,class-a:1,1,2,1,0,0,0,0,0,0,0,0,1,0.6667,0,0,0.0,3,1.0,0.0,0.0
2026,girls,200,redwood-empire,6,3,3,0,3,3,0,2,6,1,3,3,redwood-empire:2,2,3,2,1,0,0,0,0,0,0,0,3,0.5,1,0,0.1667,5,0.8333,0.0,1.0
2026,girls,200,tri-valley,8,6,6,0,2,2,0,1,8,1,2,2,tri-valley:1,1,6,1,1,0,0,0,0,0,0,0,2,0.75,1,0,0.125,7,0.875,0.0,1.0
2026,girls,300H,bay-shore,6,6,6,0,0,0,0,0,6,0,0,0,,0,6,0,0,0,0,0,0,0,0,0,0,1.0,0,0,0.0,6,1.0,0.0,
2026,girls,300H,class-a,3,3,3,0,0,0,0,0,3,0,0,0,,0,3,0,0,0,0,0,0,0,0,0,0,1.0,0,0,0.0,3,1.0,0.0,
2026,girls,300H,redwood-empire,6,6,6,0,0,0,0,0,6,0,0,0,,0,6,0,0,0,0,0,0,0,0,0,0,1.0,0,0,0.0,6,1.0,0.0,
2026,girls,300H,tri-valley,12,12,12,0,0,0,0,0,9,0,0,0,,0,9,0,0,0,0,3,0,0,0,3,0,1.0,0,0,0.0,9,1.0,0.0,
2026,girls,3200,bay-shore,6,6,6,0,0,0,0,0,6,0,0,0,,0,6,0,0,0,0,0,0,0,0,0,0,1.0,0,0,0.0,6,1.0,0.0,
2026,girls,3200,class-a,3,3,2,1,0,0,0,0,3,1,0,0,,0,2,0,1,0,0,0,0,0,0,0,1,0.6667,1,0,0.3333,2,0.6667,0.3333,
2026,girls,3200,redwood-empire,6,5,5,0,1,0,1,1,6,0,1,0,redwood-empire:1,1,5,1,0,0,0,0,0,0,0,0,1,0.8333,0,0,0.0,6,1.0,0.0,0.0
2026,girls,3200,tri-valley,9,8,8,0,1,1,0,0,9,1,1,1,,0,8,0,1,0,0,0,0,0,0,0,1,0.8889,1,0,0.1111,8,0.8889,0.0,1.0
2026,girls,400,bay-shore,6,6,6,0,0,0,0,0,6,0,0,0,,0,6,0,0,0,0,0,0,0,0,0,0,1.0,0,0,0.0,6,1.0,0.0,
2026,girls,400,class-a,3,3,3,0,0,0,0,0,3,0,0,0,,0,3,0,0,0,0,0,0,0,0,0,0,1.0,0,0,0.0,3,1.0,0.0,
2026,girls,400,redwood-empire,6,6,5,1,0,0,0,0,6,1,0,0,,0,5,0,1,0,0,0,0,0,0,0,1,0.8333,1,0,0.1667,5,0.8333,0.1667,
2026,girls,400,tri-valley,9,8,8,0,1,1,0,1,9,0,1,1,tri-valley:1,1,8,1,0,0,0,0,0,0,0,0,1,0.8889,0,0,0.0,9,1.0,0.0,1.0
2026,girls,4x100,bay-shore,6,6,6,0,0,0,0,0,6,0,0,0,,0,6,0,0,0,0,0,0,0,0,0,0,1.0,0,0,0.0,6,1.0,0.0,
2026,girls,4x100,class-a,3,3,3,0,0,0,0,0,3,0,0,0,,0,3,0,0,0,0,0,0,0,0,0,0,1.0,0,0,0.0,3,1.0,0.0,
2026,girls,4x100,redwood-empire,6,6,6,0,0,0,0,0,6,0,0,0,,0,6,0,0,0,0,0,0,0,0,0,0,1.0,0,0,0.0,6,1.0,0.0,
2026,girls,4x100,tri-valley,9,9,9,0,0,0,0,0,9,0,0,0,,0,9,0,0,0,0,0,0,0,0,0,0,1.0,0,0,0.0,9,1.0,0.0,
2026,girls,4x400,bay-shore,6,6,5,1,0,0,0,0,6,1,0,0,,0,5,0,1,0,0,0,0,0,0,0,1,0.8333,1,0,0.1667,5,0.8333,0.1667,
2026,girls,4x400,class-a,3,2,2,0,1,0,1,1,3,0,0,0,class-a:1,1,2,1,0,0,0,0,0,0,0,0,1,0.6667,0,0,0.0,3,1.0,0.0,
2026,girls,4x400,redwood-empire,6,6,5,1,0,0,0,0,6,1,0,0,,0,5,0,1,0,0,0,0,0,0,0,1,0.8333,1,0,0.1667,5,0.8333,0.1667,
2026,girls,4x400,tri-valley,9,7,7,0,2,1,1,1,9,1,0,0,tri-valley:1,1,7,1,1,0,0,0,0,0,0,0,2,0.7778,1,0,0.1111,8,0.8889,0.0,
2026,girls,800,bay-shore,6,4,4,0,2,2,0,1,6,1,2,2,bay-shore:1,1,4,1,1,0,0,0,0,0,0,0,2,0.6667,1,0,0.1667,5,0.8333,0.0,1.0
2026,girls,800,class-a,4,3,3,0,1,1,0,0,4,1,1,1,,0,3,0,1,0,0,0,0,0,0,0,1,0.75,1,0,0.25,3,0.75,0.0,1.0
2026,girls,800,redwood-empire,6,5,5,0,1,1,0,0,6,1,1,1,,0,5,0,1,0,0,0,0,0,0,0,1,0.8333,1,0,0.1667,5,0.8333,0.0,1.0
2026,girls,800,tri-valley,9,9,8,1,0,0,0,0,8,1,0,0,,0,7,0,1,0,0,1,0,0,0,1,1,0.8889,1,0,0.125,7,0.875,0.1111,
2026,girls,DT,bay-shore,6,6,6,0,0,0,0,0,6,0,0,0,,0,6,0,0,0,0,0,0,0,0,0,0,1.0,0,0,0.0,6,1.0,0.0,
2026,girls,DT,class-a,3,3,3,0,0,0,0,0,3,0,0,0,,0,3,0,0,0,0,0,0,0,0,0,0,1.0,0,0,0.0,3,1.0,0.0,
2026,girls,DT,redwood-empire,8,7,7,0,1,0,1,0,8,0,1,0,,0,7,0,0,0,1,0,0,0,0,0,1,0.875,1,1,0.0,7,0.875,0.0,0.0
2026,girls,DT,tri-valley,7,7,7,0,0,0,0,0,7,0,0,0,,0,7,0,0,0,0,0,0,0,0,0,0,1.0,0,0,0.0,7,1.0,0.0,
2026,girls,HJ,bay-shore,6,6,6,0,0,0,0,0,6,0,0,0,,0,6,0,0,0,0,0,0,0,0,0,0,1.0,0,0,0.0,6,1.0,0.0,
2026,girls,HJ,class-a,3,3,3,0,0,0,0,0,3,0,0,0,,0,3,0,0,0,0,0,0,0,0,0,0,1.0,0,0,0.0,3,1.0,0.0,
2026,girls,HJ,redwood-empire,9,9,9,0,0,0,0,0,9,0,0,0,,0,9,0,0,0,0,0,0,0,0,0,0,1.0,0,0,0.0,9,1.0,0.0,
2026,girls,HJ,tri-valley,8,8,7,1,0,0,0,0,8,0,0,0,,0,7,0,0,0,1,0,0,0,0,0,1,0.875,1,1,0.0,7,0.875,0.125,
2026,girls,LJ,bay-shore,8,8,6,2,0,0,0,0,8,2,0,0,,0,6,0,2,0,0,0,0,0,0,0,2,0.75,2,0,0.25,6,0.75,0.25,
2026,girls,LJ,class-a,3,3,3,0,0,0,0,0,3,0,0,0,,0,3,0,0,0,0,0,0,0,0,0,0,1.0,0,0,0.0,3,1.0,0.0,
2026,girls,LJ,redwood-empire,7,7,7,0,0,0,0,0,7,0,0,0,,0,7,0,0,0,0,0,0,0,0,0,0,1.0,0,0,0.0,7,1.0,0.0,
2026,girls,LJ,tri-valley,6,5,5,0,1,1,0,1,6,0,1,1,tri-valley:1,1,5,1,0,0,0,0,0,0,0,0,1,0.8333,0,0,0.0,6,1.0,0.0,1.0
2026,girls,PV,bay-shore,6,6,6,0,0,0,0,0,6,0,0,0,,0,6,0,0,0,0,0,0,0,0,0,0,1.0,0,0,0.0,6,1.0,0.0,
2026,girls,PV,class-a,3,3,3,0,0,0,0,0,3,0,0,0,,0,3,0,0,0,0,0,0,0,0,0,0,1.0,0,0,0.0,3,1.0,0.0,
2026,girls,PV,redwood-empire,8,7,7,0,1,0,1,0,8,0,1,0,,0,7,0,0,0,1,0,0,0,0,0,1,0.875,1,1,0.0,7,0.875,0.0,0.0
2026,girls,PV,tri-valley,11,11,11,0,0,0,0,0,11,0,0,0,,0,11,0,0,0,0,0,0,0,0,0,0,1.0,0,0,0.0,11,1.0,0.0,
2026,girls,SP,bay-shore,8,8,8,0,0,0,0,0,8,0,0,0,,0,8,0,0,0,0,0,0,0,0,0,0,1.0,0,0,0.0,8,1.0,0.0,
2026,girls,SP,class-a,3,3,3,0,0,0,0,0,3,0,0,0,,0,3,0,0,0,0,0,0,0,0,0,0,1.0,0,0,0.0,3,1.0,0.0,
2026,girls,SP,redwood-empire,6,5,5,0,1,1,0,0,6,0,1,1,,0,5,0,0,1,0,0,0,0,0,0,1,0.8333,1,1,0.0,5,0.8333,0.0,1.0
2026,girls,SP,tri-valley,7,7,7,0,0,0,0,0,7,0,0,0,,0,7,0,0,0,0,0,0,0,0,0,0,1.0,0,0,0.0,7,1.0,0.0,
2026,girls,TJ,bay-shore,8,8,8,0,0,0,0,0,8,0,0,0,,0,8,0,0,0,0,0,0,0,0,0,0,1.0,0,0,0.0,8,1.0,0.0,
2026,girls,TJ,class-a,3,3,3,0,0,0,0,0,3,0,0,0,,0,3,0,0,0,0,0,0,0,0,0,0,1.0,0,0,0.0,3,1.0,0.0,
2026,girls,TJ,redwood-empire,7,6,6,0,1,1,0,0,7,0,1,1,,0,6,0,0,1,0,0,0,0,0,0,1,0.8571,1,1,0.0,6,0.8571,0.0,1.0
2026,girls,TJ,tri-valley,6,6,6,0,0,0,0,0,6,0,0,0,,0,6,0,0,0,0,0,0,0,0,0,0,1.0,0,0,0.0,6,1.0,0.0,
