area,gender,event_code,seasons_with_unused,seasons,unused_total_all_seasons,seasons_analysed
redwood-empire,girls,200,5,2022|2023|2024|2025|2026,10,5
tri-valley,boys,1600,5,2022|2023|2024|2025|2026,9,5
tri-valley,girls,800,5,2022|2023|2024|2025|2026,7,5
redwood-empire,boys,200,5,2022|2023|2024|2025|2026,6,5
tri-valley,boys,800,4,2023|2024|2025|2026,10,5
tri-valley,girls,1600,4,2022|2023|2024|2025,10,5
tri-valley,girls,400,4,2023|2024|2025|2026,10,5
tri-valley,girls,HJ,4,2022|2023|2024|2026,10,5
bay-shore,boys,800,4,2023|2024|2025|2026,7,5
bay-shore,girls,1600,4,2022|2023|2024|2025,7,5
class-a,girls,1600,4,2022|2023|2024|2026,7,5
redwood-empire,girls,LJ,4,2022|2023|2024|2025,7,5
tri-valley,girls,200,4,2022|2023|2025|2026,7,5
bay-shore,boys,200,4,2022|2023|2024|2026,6,5
bay-shore,boys,LJ,4,2023|2024|2025|2026,6,5
bay-shore,girls,800,4,2022|2023|2024|2026,6,5
bay-shore,girls,LJ,4,2022|2023|2024|2026,6,5
class-a,boys,1600,4,2022|2023|2024|2026,6,5
class-a,girls,800,4,2023|2024|2025|2026,6,5
redwood-empire,boys,PV,4,2022|2023|2024|2026,6,5
redwood-empire,girls,400,4,2022|2024|2025|2026,6,5
redwood-empire,boys,LJ,4,2022|2024|2025|2026,5,5
class-a,boys,200,4,2022|2023|2025|2026,4,5
class-a,boys,LJ,4,2022|2023|2024|2026,4,5
redwood-empire,boys,400,4,2022|2024|2025|2026,4,5
redwood-empire,boys,TJ,4,2023|2024|2025|2026,4,5
redwood-empire,girls,DT,4,2022|2023|2025|2026,4,5
tri-valley,girls,3200,4,2022|2024|2025|2026,4,5
redwood-empire,boys,800,3,2024|2025|2026,7,5
tri-valley,boys,200,3,2023|2025|2026,7,5
bay-shore,boys,300H,3,2023|2024|2025,6,5
bay-shore,girls,SP,3,2022|2023|2024,6,5
redwood-empire,boys,1600,3,2023|2025|2026,6,5
redwood-empire,girls,TJ,3,2022|2024|2026,6,5
bay-shore,boys,1600,3,2022|2024|2026,5,5
bay-shore,girls,DT,3,2022|2023|2024,5,5
redwood-empire,boys,HJ,3,2023|2024|2026,5,5
tri-valley,girls,LJ,3,2023|2025|2026,5,5
bay-shore,girls,4x400,3,2023|2025|2026,4,5
redwood-empire,boys,4x400,3,2024|2025|2026,4,5
redwood-empire,girls,1600,3,2022|2023|2024,4,5
tri-valley,boys,LJ,3,2022|2023|2024,4,5
tri-valley,girls,100H,3,2022|2023|2026,4,5
class-a,boys,4x400,3,2022|2024|2025,3,5
class-a,boys,HJ,3,2023|2025|2026,3,5
class-a,boys,TJ,3,2022|2023|2026,3,5
class-a,girls,3200,3,2022|2023|2026,3,5
class-a,girls,TJ,3,2023|2024|2025,3,5
redwood-empire,boys,110H,3,2022|2023|2026,3,5
redwood-empire,girls,100,3,2022|2025|2026,3,5
redwood-empire,girls,HJ,3,2023|2024|2025,3,5
