season,area,spots_earned,declared,competed,no_show,not_declared,not_declared_chose_other_events,not_declared_did_not_declare,vacancies_refilled,replacements_from_this_area,unused_total,utilization_rate
2022,bay-shore,200,190,184,6,10,9,1,10,10,16,0.92
2022,class-a,98,86,85,1,12,6,6,8,8,13,0.8673
2022,redwood-empire,212,183,180,3,29,10,19,11,11,32,0.8491
2022,tri-valley,270,258,250,8,12,10,2,5,5,20,0.9259
2023,bay-shore,209,193,183,10,16,9,7,7,7,26,0.8756
2023,class-a,101,91,86,5,10,6,4,8,8,15,0.8515
2023,redwood-empire,217,209,199,10,8,5,3,5,5,18,0.9171
2023,tri-valley,280,252,249,3,28,22,6,9,9,31,0.8893
2024,bay-shore,210,201,188,13,9,6,3,5,5,22,0.8952
2024,class-a,108,94,93,1,14,6,8,7,7,15,0.8611
2024,redwood-empire,203,189,185,4,14,7,7,10,10,18,0.9113
2024,tri-valley,292,272,269,3,20,16,4,4,4,23,0.9212
2025,bay-shore,197,185,181,4,12,11,1,10,10,16,0.9188
2025,class-a,105,95,89,6,10,7,3,5,5,16,0.8476
2025,redwood-empire,216,199,195,4,17,12,5,12,12,21,0.9028
2025,tri-valley,288,270,267,3,18,16,2,6,6,21,0.9271
2026,bay-shore,207,202,198,4,5,5,0,3,3,9,0.9565
2026,class-a,101,93,87,6,8,3,5,5,5,14,0.8614
2026,redwood-empire,216,193,190,3,23,16,7,9,9,26,0.8796
2026,tri-valley,294,277,273,4,17,16,1,7,7,21,0.9286
