meet_key,season,level,meet_name,area,league,athleticnet_meet_id,athleticnet_status,date,date_end,venue,results_complete,hytek_file,hytek_source_url,notes,file_name
2019-moc,2019,moc,NCS Meet of Champions,,,,not yet sourced,2019-05-17,2019-05-18,"Viking Stadium, Diablo Valley College, Pleasant Hill",,data/raw/hytek/2019-moc.htm,https://diablotiming.com/results/2019-05-17/results.htm,"Titled ""NCS/Les Schwab Tires Meet of Champions"".",
2019-area-tri-valley,2019,area,NCS Tri-Valley Area Championships,tri-valley,,,not yet sourced,2019-05-11,,Dublin HS,,data/raw/hytek/2019-area-tri-valley.htm,https://diablotiming.com/results/2019-05-11/results.htm,Compiled results.htm now 404 on Diablo Timing (per-event pages remain); local copy provenance unverified.,
2019-area-bay-shore,2019,area,NCS Bay Shore Area Championships,bay-shore,,,not yet sourced,,,,,,,Verify area name and composition this season.,
2019-area-redwood-empire,2019,area,NCS Redwood Empire Area Championships,redwood-empire,,,not yet sourced,,,,,,,,
2019-area-class-a,2019,area,NCS Class A Championships,class-a,,,not yet sourced,,,,,,,Verify Class A ran as an area-level MOC qualifier under this name this season.,
2019-league-bval,2019,league,BVAL League Championships,tri-valley,BVAL,,phase 2 (parked),,,,,,,,
2019-league-dal,2019,league,DAL League Championships,tri-valley,DAL,,phase 2 (parked),,,,,,,Verify: DAL (est. 2018 realignment) has divisions; confirm one league final or one per division.,
2019-league-ebal,2019,league,EBAL League Championships,tri-valley,EBAL,,phase 2 (parked),,,,,,,Verify: EBAL has divisions; confirm one league final or one per division.,
2019-league-mval,2019,league,MVAL League Championships,bay-shore,MVAL,,phase 2 (parked),,,,,,,,
2019-league-tcal,2019,league,TCAL League Championships,bay-shore,TCAL,,phase 2 (parked),,,,,,,Verify name and membership each season (realigned league).,
2019-league-wacc,2019,league,WACC League Championships,bay-shore,WACC,,phase 2 (parked),,,,,,,,
2019-league-nbl,2019,league,NBL League Championships,redwood-empire,NBL,,phase 2 (parked),,,,,,,Verify: NBL split into NBL-Oak / NBL-Redwood; confirm whether sub-leagues have separate finals/allocations each season.,
2019-league-hdnl-redwood-empire,2019,league,HDNL League Championships,redwood-empire,HDNL,,phase 2 (parked),,,,,,,Big-school HDNL division only? HDNL also listed under Class A (Little 5). Area assignment must be per school.,
2019-league-mcal-redwood-empire,2019,league,MCAL League Championships,redwood-empire,MCAL,,phase 2 (parked),,,,,,,MCAL also listed under Class A (Branson). Area assignment must be per school.,
2019-league-vval,2019,league,VVAL League Championships,redwood-empire,VVAL,,phase 2 (parked),,,,,,,Verify VVAL existed under this name in 2019 (league formed in a recent realignment).,
2019-league-cmc-redwood-empire,2019,league,CMC League Championships,redwood-empire,CMC,,phase 2 (parked),,,,,,,Per brief: Lower Lake reaches Redwood Empire via CMC. CMC also listed under Class A; confirm which CMC schools go to which area each season.,
2019-league-cmc-class-a,2019,league,CMC League Championships,class-a,CMC,,phase 2 (parked),,,,,,,CMC also listed under Redwood Empire; confirm which CMC schools go to Class A each season.,
2019-league-bac,2019,league,BAC League Championships,class-a,BAC,,phase 2 (parked),,,,,,,"Verify BAC existed under this name and fielded NCS track teams this season. 2026 Class A guide lists ""Bay Counties"" (BCL), not BAC; same league?",
2019-league-hdnl-little-5,2019,league,HDNL Little 5 League Championships,class-a,HDNL Little 5,,phase 2 (parked),,,,,,,Verify division name each season (Little 4 vs Little 5 varied with membership).,
2019-league-mcal-branson,2019,league,MCAL (Branson) League Championships,class-a,MCAL (Branson),,phase 2 (parked),,,,,,,"Single-school assignment, not a separate league meet; source is the MCAL league final. Handle in schools.csv.",
2019-league-dval-berean,2019,league,DVAL (Berean) League Championships,class-a,DVAL (Berean),,phase 2 (parked),,,,,,,"SUSPECT NAME: public-school DVAL was folded into DAL in 2018. Verify which league Berean Christian was in this season. 2026 docs disagree: DVAL in text, DAL in list header (rules D4).",
2022-moc,2022,moc,NCS Meet of Champions,,,441243,id known; csv pending,2022-05-20,2022-05-21,Dublin HS,,data/raw/hytek/2022-moc.htm,https://diablotiming.com/results/2022-05-20/results.htm,"Heat sheets on Diablo Timing: day_1_program.pdf, day_2_program.pdf (not downloaded).",2022_moc_441243.csv
2022-area-tri-valley,2022,area,NCS Tri-Valley Area Championships,tri-valley,,450821,id known; csv pending,2022-05-14,,"Freedom HS, Oakley",,data/raw/hytek/2022-area-tri-valley.htm,https://diablotiming.com/results/2022-05-14/results.htm,"Programs on Diablo Timing: track_program.pdf, field_program.pdf (not downloaded).",2022_tri-valley_450821.csv
2022-area-bay-shore,2022,area,NCS Bay Shore Area Championships,bay-shore,,474200,id known; csv pending,,,,,,,Verify area name and composition this season.,2022_bay-shore_474200.csv
2022-area-redwood-empire,2022,area,NCS Redwood Empire Area Championships,redwood-empire,,473068,id known; csv pending,,,,,,,,2022_redwood-empire_473068.csv
2022-area-class-a,2022,area,NCS Class A Championships,class-a,,461071,id known; csv pending,,,,,,,Verify Class A ran as an area-level MOC qualifier under this name this season.,2022_class-a_461071.csv
2022-league-bval,2022,league,BVAL League Championships,tri-valley,BVAL,,phase 2 (parked),,,,,,,,
2022-league-dal,2022,league,DAL League Championships,tri-valley,DAL,,phase 2 (parked),,,,,,,Verify: DAL (est. 2018 realignment) has divisions; confirm one league final or one per division.,
2022-league-ebal,2022,league,EBAL League Championships,tri-valley,EBAL,,phase 2 (parked),,,,,,,Verify: EBAL has divisions; confirm one league final or one per division.,
2022-league-mval,2022,league,MVAL League Championships,bay-shore,MVAL,,phase 2 (parked),,,,,,,,
2022-league-tcal,2022,league,TCAL League Championships,bay-shore,TCAL,,phase 2 (parked),,,,,,,Verify name and membership each season (realigned league).,
2022-league-wacc,2022,league,WACC League Championships,bay-shore,WACC,,phase 2 (parked),,,,,,,,
2022-league-nbl,2022,league,NBL League Championships,redwood-empire,NBL,,phase 2 (parked),,,,,,,Verify: NBL split into NBL-Oak / NBL-Redwood; confirm whether sub-leagues have separate finals/allocations each season.,
2022-league-hdnl-redwood-empire,2022,league,HDNL League Championships,redwood-empire,HDNL,,phase 2 (parked),,,,,,,Big-school HDNL division only? HDNL also listed under Class A (Little 5). Area assignment must be per school.,
2022-league-mcal-redwood-empire,2022,league,MCAL League Championships,redwood-empire,MCAL,,phase 2 (parked),,,,,,,MCAL also listed under Class A (Branson). Area assignment must be per school.,
2022-league-vval,2022,league,VVAL League Championships,redwood-empire,VVAL,,phase 2 (parked),,,,,,,Verify VVAL existed under this name in 2019 (league formed in a recent realignment).,
2022-league-cmc-redwood-empire,2022,league,CMC League Championships,redwood-empire,CMC,,phase 2 (parked),,,,,,,Per brief: Lower Lake reaches Redwood Empire via CMC. CMC also listed under Class A; confirm which CMC schools go to which area each season.,
2022-league-cmc-class-a,2022,league,CMC League Championships,class-a,CMC,,phase 2 (parked),,,,,,,CMC also listed under Redwood Empire; confirm which CMC schools go to Class A each season.,
2022-league-bac,2022,league,BAC League Championships,class-a,BAC,,phase 2 (parked),,,,,,,"Verify BAC existed under this name and fielded NCS track teams this season. 2026 Class A guide lists ""Bay Counties"" (BCL), not BAC; same league?",
2022-league-hdnl-little-5,2022,league,HDNL Little 5 League Championships,class-a,HDNL Little 5,,phase 2 (parked),,,,,,,Verify division name each season (Little 4 vs Little 5 varied with membership).,
2022-league-mcal-branson,2022,league,MCAL (Branson) League Championships,class-a,MCAL (Branson),,phase 2 (parked),,,,,,,"Single-school assignment, not a separate league meet; source is the MCAL league final. Handle in schools.csv.",
2022-league-dval-berean,2022,league,DVAL (Berean) League Championships,class-a,DVAL (Berean),,phase 2 (parked),,,,,,,"SUSPECT NAME: public-school DVAL was folded into DAL in 2018. Verify which league Berean Christian was in this season. 2026 docs disagree: DVAL in text, DAL in list header (rules D4).",
2023-moc,2023,moc,NCS Meet of Champions,,,483067,id known; csv pending,2023-05-19,2023-05-20,Dublin HS,,data/raw/hytek/2023-moc.htm,https://diablotiming.com/results/2023-05-19/results.htm,"Heat sheets on Diablo Timing: day_1_program.pdf, day_2_program.pdf (not downloaded).",2023_moc_483067.csv
2023-area-tri-valley,2023,area,NCS Tri-Valley Area Championships,tri-valley,,483066,id known; csv pending,2023-05-13,,"Foothill HS, Pleasanton",,data/raw/hytek/2023-area-tri-valley.htm,https://diablotiming.com/results/2023-05-13/results.htm,"Programs on Diablo Timing: track_program.pdf, field_program.pdf (not downloaded).",2023_tri-valley_483066.csv
2023-area-bay-shore,2023,area,NCS Bay Shore Area Championships,bay-shore,,484664,id known; csv pending,,,,,,,Verify area name and composition this season.,2023_bay-shore_484664.csv
2023-area-redwood-empire,2023,area,NCS Redwood Empire Area Championships,redwood-empire,,513511,id known; csv pending,,,,,,,,2023_redwood-empire_513511.csv
2023-area-class-a,2023,area,NCS Class A Championships,class-a,,511553,id known; csv pending,,,,,,,Verify Class A ran as an area-level MOC qualifier under this name this season.,2023_class-a_511553.csv
2023-league-bval,2023,league,BVAL League Championships,tri-valley,BVAL,,phase 2 (parked),,,,,,,,
2023-league-dal,2023,league,DAL League Championships,tri-valley,DAL,,phase 2 (parked),,,,,,,Verify: DAL (est. 2018 realignment) has divisions; confirm one league final or one per division.,
2023-league-ebal,2023,league,EBAL League Championships,tri-valley,EBAL,,phase 2 (parked),,,,,,,Verify: EBAL has divisions; confirm one league final or one per division.,
2023-league-mval,2023,league,MVAL League Championships,bay-shore,MVAL,,phase 2 (parked),,,,,,,,
2023-league-tcal,2023,league,TCAL League Championships,bay-shore,TCAL,,phase 2 (parked),,,,,,,Verify name and membership each season (realigned league).,
2023-league-wacc,2023,league,WACC League Championships,bay-shore,WACC,,phase 2 (parked),,,,,,,,
2023-league-nbl,2023,league,NBL League Championships,redwood-empire,NBL,,phase 2 (parked),,,,,,,Verify: NBL split into NBL-Oak / NBL-Redwood; confirm whether sub-leagues have separate finals/allocations each season.,
2023-league-hdnl-redwood-empire,2023,league,HDNL League Championships,redwood-empire,HDNL,,phase 2 (parked),,,,,,,Big-school HDNL division only? HDNL also listed under Class A (Little 5). Area assignment must be per school.,
2023-league-mcal-redwood-empire,2023,league,MCAL League Championships,redwood-empire,MCAL,,phase 2 (parked),,,,,,,MCAL also listed under Class A (Branson). Area assignment must be per school.,
2023-league-vval,2023,league,VVAL League Championships,redwood-empire,VVAL,,phase 2 (parked),,,,,,,Verify VVAL existed under this name in 2019 (league formed in a recent realignment).,
2023-league-cmc-redwood-empire,2023,league,CMC League Championships,redwood-empire,CMC,,phase 2 (parked),,,,,,,Per brief: Lower Lake reaches Redwood Empire via CMC. CMC also listed under Class A; confirm which CMC schools go to which area each season.,
2023-league-cmc-class-a,2023,league,CMC League Championships,class-a,CMC,,phase 2 (parked),,,,,,,CMC also listed under Redwood Empire; confirm which CMC schools go to Class A each season.,
2023-league-bac,2023,league,BAC League Championships,class-a,BAC,,phase 2 (parked),,,,,,,"Verify BAC existed under this name and fielded NCS track teams this season. 2026 Class A guide lists ""Bay Counties"" (BCL), not BAC; same league?",
2023-league-hdnl-little-5,2023,league,HDNL Little 5 League Championships,class-a,HDNL Little 5,,phase 2 (parked),,,,,,,Verify division name each season (Little 4 vs Little 5 varied with membership).,
2023-league-mcal-branson,2023,league,MCAL (Branson) League Championships,class-a,MCAL (Branson),,phase 2 (parked),,,,,,,"Single-school assignment, not a separate league meet; source is the MCAL league final. Handle in schools.csv.",
2023-league-dval-berean,2023,league,DVAL (Berean) League Championships,class-a,DVAL (Berean),,phase 2 (parked),,,,,,,"SUSPECT NAME: public-school DVAL was folded into DAL in 2018. Verify which league Berean Christian was in this season. 2026 docs disagree: DVAL in text, DAL in list header (rules D4).",
2024-moc,2024,moc,NCS Meet of Champions,,,520990,id known; csv pending,2024-05-17,2024-05-18,Dublin HS,,data/raw/hytek/2024-moc.htm,https://diablotiming.com/results/2024-05-17/results.htm,"Heat sheets on Diablo Timing: day_1_program.pdf, day_2_program.pdf (not downloaded).",2024_moc_520990.csv
2024-area-tri-valley,2024,area,NCS Tri-Valley Area Championships,tri-valley,,523900,id known; csv pending,2024-05-11,,Pittsburg HS,,data/raw/hytek/2024-area-tri-valley.htm,https://diablotiming.com/results/384/results.htm,"Programs on Diablo Timing: track_program.pdf, field_program.pdf (not downloaded).",2024_tri-valley_523900.csv
2024-area-bay-shore,2024,area,NCS Bay Shore Area Championships,bay-shore,,520989,id known; csv pending,,,"James Logan HS, Union City",,data/raw/hytek/2024-area-bay-shore.htm,https://diablotiming.com/results/391/results.htm,"Secondary Hy-Tek source exists on Diablo Timing (results/391, plus track/field programs); results downloaded 2026-09-29, programs not. Verify area name and composition this season.",2024_bay-shore_520989.csv
2024-area-redwood-empire,2024,area,NCS Redwood Empire Area Championships,redwood-empire,,535877,id known; csv pending,,,,,,,,2024_redwood-empire_535877.csv
2024-area-class-a,2024,area,NCS Class A Championships,class-a,,547955,id known; csv pending,,,,,,,Verify Class A ran as an area-level MOC qualifier under this name this season.,2024_class-a_547955.csv
2024-league-bval,2024,league,BVAL League Championships,tri-valley,BVAL,,phase 2 (parked),,,,,,,,
2024-league-dal,2024,league,DAL League Championships,tri-valley,DAL,,phase 2 (parked),,,,,,,Verify: DAL (est. 2018 realignment) has divisions; confirm one league final or one per division.,
2024-league-ebal,2024,league,EBAL League Championships,tri-valley,EBAL,,phase 2 (parked),,,,,,,Verify: EBAL has divisions; confirm one league final or one per division.,
2024-league-mval,2024,league,MVAL League Championships,bay-shore,MVAL,,phase 2 (parked),,,,,,,,
2024-league-tcal,2024,league,TCAL League Championships,bay-shore,TCAL,,phase 2 (parked),,,,,,,Verify name and membership each season (realigned league).,
2024-league-wacc,2024,league,WACC League Championships,bay-shore,WACC,,phase 2 (parked),,,,,,,,
2024-league-nbl,2024,league,NBL League Championships,redwood-empire,NBL,,phase 2 (parked),,,,,,,Verify: NBL split into NBL-Oak / NBL-Redwood; confirm whether sub-leagues have separate finals/allocations each season.,
2024-league-hdnl-redwood-empire,2024,league,HDNL League Championships,redwood-empire,HDNL,,phase 2 (parked),,,,,,,Big-school HDNL division only? HDNL also listed under Class A (Little 5). Area assignment must be per school.,
2024-league-mcal-redwood-empire,2024,league,MCAL League Championships,redwood-empire,MCAL,,phase 2 (parked),,,,,,,MCAL also listed under Class A (Branson). Area assignment must be per school.,
2024-league-vval,2024,league,VVAL League Championships,redwood-empire,VVAL,,phase 2 (parked),,,,,,,Verify VVAL existed under this name in 2019 (league formed in a recent realignment).,
2024-league-cmc-redwood-empire,2024,league,CMC League Championships,redwood-empire,CMC,,phase 2 (parked),,,,,,,Per brief: Lower Lake reaches Redwood Empire via CMC. CMC also listed under Class A; confirm which CMC schools go to which area each season.,
2024-league-cmc-class-a,2024,league,CMC League Championships,class-a,CMC,,phase 2 (parked),,,,,,,CMC also listed under Redwood Empire; confirm which CMC schools go to Class A each season.,
2024-league-bac,2024,league,BAC League Championships,class-a,BAC,,phase 2 (parked),,,,,,,"Verify BAC existed under this name and fielded NCS track teams this season. 2026 Class A guide lists ""Bay Counties"" (BCL), not BAC; same league?",
2024-league-hdnl-little-5,2024,league,HDNL Little 5 League Championships,class-a,HDNL Little 5,,phase 2 (parked),,,,,,,Verify division name each season (Little 4 vs Little 5 varied with membership).,
2024-league-mcal-branson,2024,league,MCAL (Branson) League Championships,class-a,MCAL (Branson),,phase 2 (parked),,,,,,,"Single-school assignment, not a separate league meet; source is the MCAL league final. Handle in schools.csv.",
2024-league-dval-berean,2024,league,DVAL (Berean) League Championships,class-a,DVAL (Berean),,phase 2 (parked),,,,,,,"SUSPECT NAME: public-school DVAL was folded into DAL in 2018. Verify which league Berean Christian was in this season. 2026 docs disagree: DVAL in text, DAL in list header (rules D4).",
2025-moc,2025,moc,NCS Meet of Champions,,,571014,id known; csv pending,2025-05-23,2025-05-24,Dublin HS,,data/raw/hytek/2025-moc.htm,https://diablotiming.com/results/2025-05-23/results.htm,"Heat sheets on Diablo Timing: day_1_program.pdf, day_2_program.pdf (not downloaded).",2025_moc_571014.csv
2025-area-tri-valley,2025,area,NCS Tri-Valley Area Championships,tri-valley,,574662,id known; csv pending,2025-05-17,,"Clayton Valley HS, Concord",,data/raw/hytek/2025-area-tri-valley.htm,https://diablotiming.com/results/2025-05-17/results.htm,"Hy-Tek results downloaded 2026-09-29; original index page kept as 2025-area-tri-valley.index.html. Programs on Diablo Timing: track_program.pdf, field_program.pdf, entries_by_team.pdf (not downloaded).",2025_tri-valley_574662.csv
2025-area-bay-shore,2025,area,NCS Bay Shore Area Championships,bay-shore,,579307,id known; csv pending,,,,,,,Verify area name and composition this season.,2025_bay-shore_579307.csv
2025-area-redwood-empire,2025,area,NCS Redwood Empire Area Championships,redwood-empire,,572069,id known; csv pending,,,,,,,,2025_redwood-empire_572069.csv
2025-area-class-a,2025,area,NCS Class A Championships,class-a,,571013,id known; csv pending,,,,,,,Verify Class A ran as an area-level MOC qualifier under this name this season.,2025_class-a_571013.csv
2025-league-bval,2025,league,BVAL League Championships,tri-valley,BVAL,,phase 2 (parked),,,,,,,,
2025-league-dal,2025,league,DAL League Championships,tri-valley,DAL,,phase 2 (parked),,,,,,,Verify: DAL (est. 2018 realignment) has divisions; confirm one league final or one per division.,
2025-league-ebal,2025,league,EBAL League Championships,tri-valley,EBAL,,phase 2 (parked),,,,,,,Verify: EBAL has divisions; confirm one league final or one per division.,
2025-league-mval,2025,league,MVAL League Championships,bay-shore,MVAL,,phase 2 (parked),,,,,,,,
2025-league-tcal,2025,league,TCAL League Championships,bay-shore,TCAL,,phase 2 (parked),,,,,,,Verify name and membership each season (realigned league).,
2025-league-wacc,2025,league,WACC League Championships,bay-shore,WACC,,phase 2 (parked),,,,,,,,
2025-league-nbl,2025,league,NBL League Championships,redwood-empire,NBL,,phase 2 (parked),,,,,,,Verify: NBL split into NBL-Oak / NBL-Redwood; confirm whether sub-leagues have separate finals/allocations each season.,
2025-league-hdnl-redwood-empire,2025,league,HDNL League Championships,redwood-empire,HDNL,,phase 2 (parked),,,,,,,Big-school HDNL division only? HDNL also listed under Class A (Little 5). Area assignment must be per school.,
2025-league-mcal-redwood-empire,2025,league,MCAL League Championships,redwood-empire,MCAL,,phase 2 (parked),,,,,,,MCAL also listed under Class A (Branson). Area assignment must be per school.,
2025-league-vval,2025,league,VVAL League Championships,redwood-empire,VVAL,,phase 2 (parked),,,,,,,Verify VVAL existed under this name in 2019 (league formed in a recent realignment).,
2025-league-cmc-redwood-empire,2025,league,CMC League Championships,redwood-empire,CMC,,phase 2 (parked),,,,,,,Per brief: Lower Lake reaches Redwood Empire via CMC. CMC also listed under Class A; confirm which CMC schools go to which area each season.,
2025-league-cmc-class-a,2025,league,CMC League Championships,class-a,CMC,,phase 2 (parked),,,,,,,CMC also listed under Redwood Empire; confirm which CMC schools go to Class A each season.,
2025-league-bac,2025,league,BAC League Championships,class-a,BAC,,phase 2 (parked),,,,,,,"Verify BAC existed under this name and fielded NCS track teams this season. 2026 Class A guide lists ""Bay Counties"" (BCL), not BAC; same league?",
2025-league-hdnl-little-5,2025,league,HDNL Little 5 League Championships,class-a,HDNL Little 5,,phase 2 (parked),,,,,,,Verify division name each season (Little 4 vs Little 5 varied with membership).,
2025-league-mcal-branson,2025,league,MCAL (Branson) League Championships,class-a,MCAL (Branson),,phase 2 (parked),,,,,,,"Single-school assignment, not a separate league meet; source is the MCAL league final. Handle in schools.csv.",
2025-league-dval-berean,2025,league,DVAL (Berean) League Championships,class-a,DVAL (Berean),,phase 2 (parked),,,,,,,"SUSPECT NAME: public-school DVAL was folded into DAL in 2018. Verify which league Berean Christian was in this season. 2026 docs disagree: DVAL in text, DAL in list header (rules D4).",
2026-moc,2026,moc,NCS Meet of Champions,,,629241,id known; csv pending,2026-05-22,2026-05-23,Dublin HS,,data/raw/hytek/2026-moc.htm,https://diablotiming.com/results/2026-05-22/results.htm,"Diablo Timing listing says ""May 21-22, 2026""; Hy-Tek header says 5/22-5/23/2026. Using Hy-Tek. Heat sheets on Diablo Timing: day_1_program.pdf, day_2_program.pdf (not downloaded).",2026_moc_629241.csv
2026-area-tri-valley,2026,area,NCS Tri-Valley Area Championships,tri-valley,,629245,id known; csv pending,2026-05-16,,"Foothill HS, Pleasanton",,data/raw/hytek/2026-area-tri-valley.htm,https://diablotiming.com/results/2026-05-16/results.htm,"Programs on Diablo Timing: track_program.pdf, field_program.pdf (not downloaded).",2026_tri-valley_629245.csv
2026-area-bay-shore,2026,area,NCS Bay Shore Area Championships,bay-shore,,633811,id known; csv pending,,,,,,,Verify area name and composition this season.,2026_bay-shore_633811.csv
2026-area-redwood-empire,2026,area,NCS Redwood Empire Area Championships,redwood-empire,,633812,id known; csv pending,,,,,,,,2026_redwood-empire_633812.csv
2026-area-class-a,2026,area,NCS Class A Championships,class-a,,633810,id known; csv pending,,,,,,,Verify Class A ran as an area-level MOC qualifier under this name this season.,2026_class-a_633810.csv
2026-league-bval,2026,league,BVAL League Championships,tri-valley,BVAL,,phase 2 (parked),,,,,,,,
2026-league-dal,2026,league,DAL League Championships,tri-valley,DAL,,phase 2 (parked),,,,,,,Verify: DAL (est. 2018 realignment) has divisions; confirm one league final or one per division.,
2026-league-ebal,2026,league,EBAL League Championships,tri-valley,EBAL,,phase 2 (parked),,,,,,,Verify: EBAL has divisions; confirm one league final or one per division.,
2026-league-mval,2026,league,MVAL League Championships,bay-shore,MVAL,,phase 2 (parked),,,,,,,,
2026-league-tcal,2026,league,TCAL League Championships,bay-shore,TCAL,,phase 2 (parked),,,,,,,Verify name and membership each season (realigned league).,
2026-league-wacc,2026,league,WACC League Championships,bay-shore,WACC,,phase 2 (parked),,,,,,,,
2026-league-nbl,2026,league,NBL League Championships,redwood-empire,NBL,,phase 2 (parked),,,,,,,Verify: NBL split into NBL-Oak / NBL-Redwood; confirm whether sub-leagues have separate finals/allocations each season.,
2026-league-hdnl-redwood-empire,2026,league,HDNL League Championships,redwood-empire,HDNL,,phase 2 (parked),,,,,,,Big-school HDNL division only? HDNL also listed under Class A (Little 5). Area assignment must be per school.,
2026-league-mcal-redwood-empire,2026,league,MCAL League Championships,redwood-empire,MCAL,,phase 2 (parked),,,,,,,MCAL also listed under Class A (Branson). Area assignment must be per school.,
2026-league-vval,2026,league,VVAL League Championships,redwood-empire,VVAL,,phase 2 (parked),,,,,,,Verify VVAL existed under this name in 2019 (league formed in a recent realignment).,
2026-league-cmc-redwood-empire,2026,league,CMC League Championships,redwood-empire,CMC,,phase 2 (parked),,,,,,,Per brief: Lower Lake reaches Redwood Empire via CMC. CMC also listed under Class A; confirm which CMC schools go to which area each season.,
2026-league-cmc-class-a,2026,league,CMC League Championships,class-a,CMC,,phase 2 (parked),,,,,,,CMC also listed under Redwood Empire; confirm which CMC schools go to Class A each season.,
2026-league-bac,2026,league,BAC League Championships,class-a,BAC,,phase 2 (parked),,,,,,,"Verify BAC existed under this name and fielded NCS track teams this season. 2026 Class A guide lists ""Bay Counties"" (BCL), not BAC; same league?",
2026-league-hdnl-little-5,2026,league,HDNL Little 5 League Championships,class-a,HDNL Little 5,,phase 2 (parked),,,,,,,Verify division name each season (Little 4 vs Little 5 varied with membership).,
2026-league-mcal-branson,2026,league,MCAL (Branson) League Championships,class-a,MCAL (Branson),,phase 2 (parked),,,,,,,"Single-school assignment, not a separate league meet; source is the MCAL league final. Handle in schools.csv.",
2026-league-dval-berean,2026,league,DVAL (Berean) League Championships,class-a,DVAL (Berean),,phase 2 (parked),,,,,,,"SUSPECT NAME: public-school DVAL was folded into DAL in 2018. Verify which league Berean Christian was in this season. 2026 docs disagree: DVAL in text, DAL in list header (rules D4).",
