List,Order,School
Tri-Valley,1,Acalanes
Tri-Valley,2,Alhambra (Martinez)
Tri-Valley,3,Amador Valley
Tri-Valley,4,Antioch
Tri-Valley,5,Benicia
Tri-Valley,6,California (San Ramon)
Tri-Valley,7,Campolindo
Tri-Valley,8,Carondelet
Tri-Valley,9,Clayton Valley
Tri-Valley,10,College Park
Tri-Valley,11,Concord
Tri-Valley,12,De La Salle
Tri-Valley,13,Deer Valley
Tri-Valley,14,Dougherty Valley
Tri-Valley,15,Dublin
Tri-Valley,16,Emerald
Tri-Valley,17,Foothill (Pleasanton)
Tri-Valley,18,Freedom
Tri-Valley,19,Granada
Tri-Valley,20,Heritage (Brentwood)
Tri-Valley,21,Las Lomas
Tri-Valley,22,Liberty - Brentwood
Tri-Valley,23,Livermore
Tri-Valley,24,Miramonte
Tri-Valley,25,Monte Vista
Tri-Valley,26,Northgate
Tri-Valley,27,Pittsburg
Tri-Valley,28,San Ramon Valley
Tri-Valley,29,Ygnacio Valley
Redwood Empire,1,American Canyon
Redwood Empire,2,Analy
Redwood Empire,3,Arcata
Redwood Empire,4,Archie Williams
Redwood Empire,5,Cardinal Newman
Redwood Empire,6,Casa Grande
Redwood Empire,7,Del Norte
Redwood Empire,8,Eureka
Redwood Empire,9,Fortuna
Redwood Empire,10,Healdsburg
Redwood Empire,11,Justin-Siena
Redwood Empire,12,Lower Lake
Redwood Empire,13,Maria Carrillo
Redwood Empire,14,Marin Catholic
Redwood Empire,15,McKinleyville
Redwood Empire,16,Montgomery
Redwood Empire,17,Napa
Redwood Empire,18,Novato
Redwood Empire,19,Petaluma
Redwood Empire,20,Piner
Redwood Empire,21,Rancho Cotate
Redwood Empire,22,Redwood (Larkspur)
Redwood Empire,23,San Marin
Redwood Empire,24,San Rafael
Redwood Empire,25,Santa Rosa
Redwood Empire,26,Sonoma Valley
Redwood Empire,27,Tamalpais
Redwood Empire,28,Terra Linda
Redwood Empire,29,Ukiah
Redwood Empire,30,Vintage
Redwood Empire,31,Windsor
Class A,1,Anderson Valley
Class A,2,Athenian
Class A,3,Bay School of San Francisco
Class A,4,Bentley Upper
Class A,5,Berean Christian
Class A,6,Branson
Class A,7,California - Fremont
Class A,8,California Crosspoint
Class A,9,Calistoga
Class A,10,Clear Lake
Class A,11,Cloverdale
Class A,12,College Preparatory
Class A,13,Contra Costa Christian
Class A,14,Convent & Stuart Hall
Class A,15,Credo
Class A,16,Drew
Class A,17,Emery
Class A,18,Ferndale
Class A,19,Fort Bragg
Class A,20,Fremont Christian
Class A,21,Head-Royce
Class A,22,Holy Names
Class A,23,Hoopa Valley
Class A,24,International
Class A,25,Kelseyville
Class A,26,Lick Wilmerding
Class A,27,Marin Academy
Class A,28,Mendocino
Class A,29,Middletown
Class A,30,Oakland Military Institute
Class A,31,Redwood Christian
Class A,32,San Domenico
Class A,33,San Francisco University
Class A,34,Sonoma Academy
Class A,35,South Fork
Class A,36,St Helena
Class A,37,St Joseph Notre Dame
Class A,38,St. Bernard's Academy
Class A,39,Summerfield Waldorf of Santa Rosa
Class A,40,Technology
Class A,41,Upper Lake
Class A,42,Urban of San Francisco
Class A,43,Willits
Bayshore,1,Alameda
Bayshore,2,Albany
Bayshore,3,American
Bayshore,4,Arroyo (NC)
Bayshore,5,Berkeley
Bayshore,6,Bishop O'Dowd
Bayshore,7,Castro Valley
Bayshore,8,De Anza
Bayshore,9,El Cerrito
Bayshore,10,Encinal
Bayshore,11,Hayward
Bayshore,12,Hercules
Bayshore,13,Irvington
Bayshore,14,James Logan
Bayshore,15,Jesse Bethel
Bayshore,16,John F. Kennedy (Fremont)
Bayshore,17,John F. Kennedy (Richmond)
Bayshore,18,Mission San Jose
Bayshore,19,Moreau Catholic
Bayshore,20,Mt Eden
Bayshore,21,Newark Memorial
Bayshore,22,Piedmont
Bayshore,23,Pinole Valley
Bayshore,24,Richmond
Bayshore,25,Salesian College Preparatory
Bayshore,26,San Leandro
Bayshore,27,San Lorenzo
Bayshore,28,St Mary's College
Bayshore,29,St Patrick/St Vincent
Bayshore,30,Vallejo
Bayshore,31,Washington
