school_key,canonical_name,in_source_list,list_area,spellings,athleticnet_school_id,area_2019,area_2022,area_2023,area_2024,area_2025,area_2026,area_source
acalanes,Acalanes,True,tri-valley,Acalanes|Acalanes (Nc),1010,,tri-valley,tri-valley,tri-valley,tri-valley,tri-valley,area_2022..area_2026: area from meet participation (Athletic.net Area meets); area_2019: blank (no Athletic.net data)
alhambra-martinez,Alhambra (Martinez),True,tri-valley,Alhambra|Alhambra (Martinez)|Alhambra (Nc),1011,,tri-valley,tri-valley,tri-valley,tri-valley,tri-valley,area_2022..area_2026: area from meet participation (Athletic.net Area meets); area_2019: blank (no Athletic.net data)
amador-valley,Amador Valley,True,tri-valley,Amador Valle|Amador Valley|Amador Valley (Nc),1022,,tri-valley,tri-valley,tri-valley,tri-valley,tri-valley,area_2022..area_2026: area from meet participation (Athletic.net Area meets); area_2019: blank (no Athletic.net data)
antioch,Antioch,True,tri-valley,Antioch|Antioch (Nc),1000,,tri-valley,tri-valley,tri-valley,tri-valley,tri-valley,area_2022..area_2026: area from meet participation (Athletic.net Area meets); area_2019: blank (no Athletic.net data)
benicia,Benicia,True,tri-valley,Benicia|Benicia (Nc),811,,tri-valley,tri-valley,tri-valley,tri-valley,tri-valley,area_2022..area_2026: area from meet participation (Athletic.net Area meets); area_2019: blank (no Athletic.net data)
california-san-ramon,California (San Ramon),True,tri-valley,California|California (Nc)|California (San Ramon),1023,,tri-valley,tri-valley,tri-valley,tri-valley,tri-valley,area_2022..area_2026: area from meet participation (Athletic.net Area meets); area_2019: blank (no Athletic.net data)
campolindo,Campolindo,True,tri-valley,Campolindo|Campolindo (Nc),1013,,tri-valley,tri-valley,tri-valley,tri-valley,tri-valley,area_2022..area_2026: area from meet participation (Athletic.net Area meets); area_2019: blank (no Athletic.net data)
carondelet,Carondelet,True,tri-valley,Carondelet|Carondelet (Nc),1001,,tri-valley,tri-valley,tri-valley,tri-valley,tri-valley,area_2022..area_2026: area from meet participation (Athletic.net Area meets); area_2019: blank (no Athletic.net data)
clayton-valley,Clayton Valley,True,tri-valley,Clayton Vall|Clayton Valley|Clayton Valley (Nc),1002,,tri-valley,tri-valley,tri-valley,tri-valley,tri-valley,area_2022..area_2026: area from meet participation (Athletic.net Area meets); area_2019: blank (no Athletic.net data)
college-park,College Park,True,tri-valley,College Park|College Park (Nc),1012,,tri-valley,tri-valley,tri-valley,tri-valley,tri-valley,area_2022..area_2026: area from meet participation (Athletic.net Area meets); area_2019: blank (no Athletic.net data)
concord,Concord,True,tri-valley,Concord|Concord (Nc),1014,,tri-valley,tri-valley,tri-valley,tri-valley,tri-valley,area_2022..area_2026: area from meet participation (Athletic.net Area meets); area_2019: blank (no Athletic.net data)
de-la-salle,De La Salle,True,tri-valley,De La Salle|De La Salle (Nc)|DeLaSalle,1003,,tri-valley,tri-valley,tri-valley,tri-valley,tri-valley,area_2022..area_2026: area from meet participation (Athletic.net Area meets); area_2019: blank (no Athletic.net data)
deer-valley,Deer Valley,True,tri-valley,Deer Valley|Deer Valley (Nc),1004,,tri-valley,tri-valley,tri-valley,tri-valley,tri-valley,area_2022..area_2026: area from meet participation (Athletic.net Area meets); area_2019: blank (no Athletic.net data)
dougherty-valley,Dougherty Valley,True,tri-valley,Dougherty Va|Dougherty Valley|Dougherty Valley (Nc),34018,,tri-valley,tri-valley,tri-valley,tri-valley,tri-valley,area_2022..area_2026: area from meet participation (Athletic.net Area meets); area_2019: blank (no Athletic.net data)
dublin,Dublin,True,tri-valley,Dublin|Dublin (Nc),1015,,tri-valley,tri-valley,tri-valley,tri-valley,tri-valley,area_2022..area_2026: area from meet participation (Athletic.net Area meets); area_2019: blank (no Athletic.net data)
emerald,Emerald,True,tri-valley,Emerald|Emerald (Nc),86815,,,,,tri-valley,tri-valley,area_2022..area_2026: area from meet participation (Athletic.net Area meets); area_2019: blank (no Athletic.net data)
foothill-pleasanton,Foothill (Pleasanton),True,tri-valley,Foothill|Foothill (Nc)|Foothill (Pleasanton)|Foothill Pleasanton (Nc),1024,,tri-valley,tri-valley,tri-valley,tri-valley,tri-valley,area_2022..area_2026: area from meet participation (Athletic.net Area meets); area_2019: blank (no Athletic.net data)
freedom,Freedom,True,tri-valley,Freedom|Freedom (Nc),1005,,tri-valley,tri-valley,tri-valley,tri-valley,tri-valley,area_2022..area_2026: area from meet participation (Athletic.net Area meets); area_2019: blank (no Athletic.net data)
granada,Granada,True,tri-valley,Granada|Granada (Nc),1021,,tri-valley,tri-valley,tri-valley,tri-valley,tri-valley,area_2022..area_2026: area from meet participation (Athletic.net Area meets); area_2019: blank (no Athletic.net data)
heritage-brentwood,Heritage (Brentwood),True,tri-valley,Heritage|Heritage (Brentwood)|Heritage (Nc),1006,,tri-valley,tri-valley,tri-valley,tri-valley,tri-valley,area_2022..area_2026: area from meet participation (Athletic.net Area meets); area_2019: blank (no Athletic.net data)
las-lomas,Las Lomas,True,tri-valley,Las Lomas|Las Lomas (Nc),1017,,tri-valley,tri-valley,tri-valley,tri-valley,tri-valley,area_2022..area_2026: area from meet participation (Athletic.net Area meets); area_2019: blank (no Athletic.net data)
liberty-brentwood,Liberty - Brentwood,True,tri-valley,Liberty|Liberty (Nc)|Liberty - Brentwood,1007,,tri-valley,tri-valley,tri-valley,tri-valley,tri-valley,area_2022..area_2026: area from meet participation (Athletic.net Area meets); area_2019: blank (no Athletic.net data)
livermore,Livermore,True,tri-valley,Livermore|Livermore (N|Livermore (Nc),1016,,tri-valley,tri-valley,tri-valley,tri-valley,tri-valley,area_2022..area_2026: area from meet participation (Athletic.net Area meets); area_2019: blank (no Athletic.net data)
miramonte,Miramonte,True,tri-valley,Miramonte|Miramonte (Nc),1018,,tri-valley,tri-valley,tri-valley,tri-valley,tri-valley,area_2022..area_2026: area from meet participation (Athletic.net Area meets); area_2019: blank (no Athletic.net data)
monte-vista,Monte Vista,True,tri-valley,Monte Vista|Monte Vista (Nc),1027,,tri-valley,tri-valley,tri-valley,tri-valley,tri-valley,area_2022..area_2026: area from meet participation (Athletic.net Area meets); area_2019: blank (no Athletic.net data)
northgate,Northgate,True,tri-valley,Northgate|Northgate (Nc),1020,,tri-valley,tri-valley,tri-valley,tri-valley,tri-valley,area_2022..area_2026: area from meet participation (Athletic.net Area meets); area_2019: blank (no Athletic.net data)
pittsburg,Pittsburg,True,tri-valley,Pittsburg|Pittsburg (Nc),1008,,tri-valley,tri-valley,tri-valley,tri-valley,tri-valley,area_2022..area_2026: area from meet participation (Athletic.net Area meets); area_2019: blank (no Athletic.net data)
san-ramon-valley,San Ramon Valley,True,tri-valley,San Ramon Va|San Ramon Valley|San Ramon Valley (Nc),1028,,tri-valley,tri-valley,tri-valley,tri-valley,tri-valley,area_2022..area_2026: area from meet participation (Athletic.net Area meets); area_2019: blank (no Athletic.net data)
ygnacio-valley,Ygnacio Valley,True,tri-valley,Ygnacio Vall|Ygnacio Valley,1009,,tri-valley,tri-valley,tri-valley,tri-valley,tri-valley,area_2022..area_2026: area from meet participation (Athletic.net Area meets); area_2019: blank (no Athletic.net data)
american-canyon,American Canyon,True,redwood-empire,American Can|American Canyon|American Canyon (Nc),37431,,redwood-empire,redwood-empire,redwood-empire,redwood-empire,redwood-empire,area_2022..area_2026: area from meet participation (Athletic.net Area meets); area_2019: blank (no Athletic.net data)
analy,Analy,True,redwood-empire,Analy|Analy (Nc),993,,redwood-empire,redwood-empire,redwood-empire,redwood-empire,redwood-empire,area_2022..area_2026: area from meet participation (Athletic.net Area meets); area_2019: blank (no Athletic.net data)
arcata,Arcata,True,redwood-empire,Arcata|Arcata (Nc),962,,redwood-empire,redwood-empire,redwood-empire,redwood-empire,redwood-empire,area_2022..area_2026: area from meet participation (Athletic.net Area meets); area_2019: blank (no Athletic.net data)
archie-williams,Archie Williams,True,redwood-empire,Archie Willi|Archie Williams|Archie Williams (Nc)|Sir Francis|Sir Francis Drake,983,,redwood-empire,redwood-empire,redwood-empire,redwood-empire,redwood-empire,area_2022..area_2026: area from meet participation (Athletic.net Area meets); area_2019: blank (no Athletic.net data)
cardinal-newman,Cardinal Newman,True,redwood-empire,Cardinal New|Cardinal Newman|Cardinal Newman (Nc),986,,redwood-empire,redwood-empire,redwood-empire,redwood-empire,redwood-empire,area_2022..area_2026: area from meet participation (Athletic.net Area meets); area_2019: blank (no Athletic.net data)
casa-grande,Casa Grande,True,redwood-empire,Casa Grande|Casa Grande (Nc),994,,redwood-empire,redwood-empire,redwood-empire,redwood-empire,redwood-empire,area_2022..area_2026: area from meet participation (Athletic.net Area meets); area_2019: blank (no Athletic.net data)
del-norte,Del Norte,True,redwood-empire,Del Norte|Del Norte (Nc),964,,redwood-empire,redwood-empire,redwood-empire,redwood-empire,redwood-empire,area_2022..area_2026: area from meet participation (Athletic.net Area meets); area_2019: blank (no Athletic.net data)
eureka,Eureka,True,redwood-empire,Eureka|Eureka (Nc),965,,redwood-empire,redwood-empire,redwood-empire,redwood-empire,redwood-empire,area_2022..area_2026: area from meet participation (Athletic.net Area meets); area_2019: blank (no Athletic.net data)
fortuna,Fortuna,True,redwood-empire,Fortuna|Fortuna (Nc),967,,redwood-empire,redwood-empire,redwood-empire,redwood-empire,redwood-empire,area_2022..area_2026: area from meet participation (Athletic.net Area meets); area_2019: blank (no Athletic.net data)
healdsburg,Healdsburg,True,redwood-empire,Healdsburg|Healdsburg (Nc),996,,redwood-empire,redwood-empire,redwood-empire,redwood-empire,redwood-empire,area_2022..area_2026: area from meet participation (Athletic.net Area meets); area_2019: blank (no Athletic.net data)
justin-siena,Justin-Siena,True,redwood-empire,Justin-Siena|Justin-Siena (Nc),976,,redwood-empire,redwood-empire,redwood-empire,redwood-empire,redwood-empire,area_2022..area_2026: area from meet participation (Athletic.net Area meets); area_2019: blank (no Athletic.net data)
lower-lake,Lower Lake,True,redwood-empire,Lower Lake,954,,redwood-empire,,redwood-empire,redwood-empire,redwood-empire,area_2022..area_2026: area from meet participation (Athletic.net Area meets); area_2019: blank (no Athletic.net data)
maria-carrillo,Maria Carrillo,True,redwood-empire,Maria Carrillo|Maria Carrillo (Nc),19357,,redwood-empire,redwood-empire,redwood-empire,redwood-empire,redwood-empire,area_2022..area_2026: area from meet participation (Athletic.net Area meets); area_2019: blank (no Athletic.net data)
marin-catholic,Marin Catholic,True,redwood-empire,Marin Cathol|Marin Catholic|Marin Catholic (Nc),978,,redwood-empire,redwood-empire,redwood-empire,redwood-empire,redwood-empire,area_2022..area_2026: area from meet participation (Athletic.net Area meets); area_2019: blank (no Athletic.net data)
mckinleyville,McKinleyville,True,redwood-empire,McKinleyvill|McKinleyville,970,,redwood-empire,redwood-empire,redwood-empire,redwood-empire,redwood-empire,area_2022..area_2026: area from meet participation (Athletic.net Area meets); area_2019: blank (no Athletic.net data)
montgomery,Montgomery,True,redwood-empire,Montgomery|Montgomery (Nc),982,,redwood-empire,redwood-empire,redwood-empire,redwood-empire,redwood-empire,area_2022..area_2026: area from meet participation (Athletic.net Area meets); area_2019: blank (no Athletic.net data)
napa,Napa,True,redwood-empire,Napa,769,,redwood-empire,redwood-empire,redwood-empire,redwood-empire,redwood-empire,area_2022..area_2026: area from meet participation (Athletic.net Area meets); area_2019: blank (no Athletic.net data)
novato,Novato,True,redwood-empire,Novato,977,,redwood-empire,redwood-empire,redwood-empire,redwood-empire,redwood-empire,area_2022..area_2026: area from meet participation (Athletic.net Area meets); area_2019: blank (no Athletic.net data)
petaluma,Petaluma,True,redwood-empire,Petaluma|Petaluma (Nc),997,,redwood-empire,redwood-empire,redwood-empire,redwood-empire,redwood-empire,area_2022..area_2026: area from meet participation (Athletic.net Area meets); area_2019: blank (no Athletic.net data)
piner,Piner,True,redwood-empire,Piner|Piner (Nc),988,,redwood-empire,redwood-empire,redwood-empire,redwood-empire,redwood-empire,area_2022..area_2026: area from meet participation (Athletic.net Area meets); area_2019: blank (no Athletic.net data)
rancho-cotate,Rancho Cotate,True,redwood-empire,Rancho Cotat|Rancho Cotate|Rancho Cotate (Nc),989,,redwood-empire,redwood-empire,redwood-empire,redwood-empire,redwood-empire,area_2022..area_2026: area from meet participation (Athletic.net Area meets); area_2019: blank (no Athletic.net data)
redwood-larkspur,Redwood (Larkspur),True,redwood-empire,Redwood|Redwood (Larkspur)|Redwood (Nc),979,,redwood-empire,redwood-empire,redwood-empire,redwood-empire,redwood-empire,area_2022..area_2026: area from meet participation (Athletic.net Area meets); area_2019: blank (no Athletic.net data)
san-marin,San Marin,True,redwood-empire,San Marin|San Marin (Nc),980,,redwood-empire,redwood-empire,redwood-empire,redwood-empire,redwood-empire,area_2022..area_2026: area from meet participation (Athletic.net Area meets); area_2019: blank (no Athletic.net data)
san-rafael,San Rafael,True,redwood-empire,San Rafael,981,,redwood-empire,redwood-empire,redwood-empire,redwood-empire,redwood-empire,area_2022..area_2026: area from meet participation (Athletic.net Area meets); area_2019: blank (no Athletic.net data)
santa-rosa,Santa Rosa,True,redwood-empire,Santa Rosa|Santa Rosa (|Santa Rosa (Nc),990,,redwood-empire,redwood-empire,redwood-empire,redwood-empire,redwood-empire,area_2022..area_2026: area from meet participation (Athletic.net Area meets); area_2019: blank (no Athletic.net data)
sonoma-valley,Sonoma Valley,True,redwood-empire,Sonoma Valle|Sonoma Valley,998,,redwood-empire,redwood-empire,redwood-empire,redwood-empire,redwood-empire,area_2022..area_2026: area from meet participation (Athletic.net Area meets); area_2019: blank (no Athletic.net data)
tamalpais,Tamalpais,True,redwood-empire,Tamalpais|Tamalpais (Nc),984,,redwood-empire,redwood-empire,redwood-empire,redwood-empire,redwood-empire,area_2022..area_2026: area from meet participation (Athletic.net Area meets); area_2019: blank (no Athletic.net data)
terra-linda,Terra Linda,True,redwood-empire,Terra Linda|Terra Linda (Nc),985,,redwood-empire,redwood-empire,redwood-empire,redwood-empire,redwood-empire,area_2022..area_2026: area from meet participation (Athletic.net Area meets); area_2019: blank (no Athletic.net data)
ukiah,Ukiah,True,redwood-empire,Ukiah|Ukiah (Nc),991,,redwood-empire,redwood-empire,redwood-empire,redwood-empire,redwood-empire,area_2022..area_2026: area from meet participation (Athletic.net Area meets); area_2019: blank (no Athletic.net data)
vintage,Vintage,True,redwood-empire,Vintage|Vintage (Nc),771,,redwood-empire,redwood-empire,redwood-empire,redwood-empire,redwood-empire,area_2022..area_2026: area from meet participation (Athletic.net Area meets); area_2019: blank (no Athletic.net data)
windsor,Windsor,True,redwood-empire,Windsor|Windsor (Nc),999,,redwood-empire,redwood-empire,redwood-empire,redwood-empire,redwood-empire,area_2022..area_2026: area from meet participation (Athletic.net Area meets); area_2019: blank (no Athletic.net data)
anderson-valley,Anderson Valley,True,class-a,Anderson Valley,935,,,,,class-a,class-a,area_2022..area_2026: area from meet participation (Athletic.net Area meets); area_2019: blank (no Athletic.net data)
athenian,Athenian,True,class-a,Athenian|Athenian (Nc),880,,class-a,class-a,class-a,class-a,class-a,area_2022..area_2026: area from meet participation (Athletic.net Area meets); area_2019: blank (no Athletic.net data)
bay-school-of-san-francisco,Bay School of San Francisco,True,class-a,Bay School o|Bay School of San Francisco,1031,,class-a,class-a,class-a,class-a,class-a,area_2022..area_2026: area from meet participation (Athletic.net Area meets); area_2019: blank (no Athletic.net data)
bentley-upper,Bentley Upper,True,class-a,Bentley Upper,881,,class-a,class-a,class-a,class-a,class-a,area_2022..area_2026: area from meet participation (Athletic.net Area meets); area_2019: blank (no Athletic.net data)
berean-christian,Berean Christian,True,class-a,Berean Chris|Berean Christian,882,,class-a,class-a,class-a,class-a,class-a,area_2022..area_2026: area from meet participation (Athletic.net Area meets); area_2019: blank (no Athletic.net data)
branson,Branson,True,class-a,Branson|Branson (Nc),975,,,class-a,class-a,class-a,class-a,area_2022..area_2026: area from meet participation (Athletic.net Area meets); area_2019: blank (no Athletic.net data)
california-fremont,California - Fremont,True,class-a,California - Fremont|California S,883,,class-a,class-a,class-a,class-a,class-a,area_2022..area_2026: area from meet participation (Athletic.net Area meets); area_2019: blank (no Athletic.net data)
california-crosspoint,California Crosspoint,True,class-a,California Crosspoint,884,,,,class-a,class-a,class-a,area_2022..area_2026: area from meet participation (Athletic.net Area meets); area_2019: blank (no Athletic.net data)
calistoga,Calistoga,True,class-a,Calistoga,945,,class-a,class-a,class-a,class-a,class-a,area_2022..area_2026: area from meet participation (Athletic.net Area meets); area_2019: blank (no Athletic.net data)
clear-lake,Clear Lake,True,class-a,Clear Lake,957,,class-a,,class-a,class-a,class-a,area_2022..area_2026: area from meet participation (Athletic.net Area meets); area_2019: blank (no Athletic.net data)
cloverdale,Cloverdale,True,class-a,Cloverdale|Cloverdale (Nc),958,,class-a,class-a,class-a,class-a,class-a,area_2022..area_2026: area from meet participation (Athletic.net Area meets); area_2019: blank (no Athletic.net data)
college-preparatory,College Preparatory,True,class-a,College Prep|College Prep (Nc)|College Preparatory,885,,class-a,class-a,class-a,class-a,class-a,area_2022..area_2026: area from meet participation (Athletic.net Area meets); area_2019: blank (no Athletic.net data)
contra-costa-christian,Contra Costa Christian,True,class-a,Contra Costa Christian,886,,class-a,class-a,,,class-a,area_2022..area_2026: area from meet participation (Athletic.net Area meets); area_2019: blank (no Athletic.net data)
convent-and-stuart-hall,Convent & Stuart Hall,True,class-a,Convent & Stuart Hall|Convent & Stuart Hall (Nc)|Convent and|Convent and Stuart Hall|Convent and Stuart Hall (Nc),890,,class-a,class-a,class-a,class-a,class-a,area_2022..area_2026: area from meet participation (Athletic.net Area meets); area_2019: blank (no Athletic.net data)
credo,Credo,True,class-a,Credo,78462,,,class-a,class-a,class-a,class-a,area_2022..area_2026: area from meet participation (Athletic.net Area meets); area_2019: blank (no Athletic.net data)
drew,Drew,True,class-a,Drew,892,,class-a,class-a,,class-a,class-a,area_2022..area_2026: area from meet participation (Athletic.net Area meets); area_2019: blank (no Athletic.net data)
emery,Emery,True,class-a,Emery|Emery (Nc),888,,class-a,class-a,class-a,class-a,class-a,area_2022..area_2026: area from meet participation (Athletic.net Area meets); area_2019: blank (no Athletic.net data)
ferndale,Ferndale,True,class-a,Ferndale,966,,class-a,class-a,class-a,class-a,class-a,area_2022..area_2026: area from meet participation (Athletic.net Area meets); area_2019: blank (no Athletic.net data)
fort-bragg,Fort Bragg,True,class-a,Fort Bragg|Fort Bragg (Nc),952,,class-a,class-a,class-a,class-a,class-a,area_2022..area_2026: area from meet participation (Athletic.net Area meets); area_2019: blank (no Athletic.net data)
fremont-christian,Fremont Christian,True,class-a,Fremont Christian,1140,,class-a,,,,class-a,area_2022..area_2026: area from meet participation (Athletic.net Area meets); area_2019: blank (no Athletic.net data)
head-royce,Head-Royce,True,class-a,Head Royce|Head Royce (Nc)|Head-Royce,889,,class-a,class-a,class-a,class-a,class-a,area_2022..area_2026: area from meet participation (Athletic.net Area meets); area_2019: blank (no Athletic.net data)
holy-names,Holy Names,True,class-a,Holy Names,912,,,,,class-a,class-a,area_2022..area_2026: area from meet participation (Athletic.net Area meets); area_2019: blank (no Athletic.net data)
hoopa-valley,Hoopa Valley,True,class-a,Hoopa Valley,968,,,class-a,class-a,class-a,class-a,area_2022..area_2026: area from meet participation (Athletic.net Area meets); area_2019: blank (no Athletic.net data)
international,International,True,class-a,Internationa|International|International (Nc),894,,class-a,class-a,class-a,class-a,class-a,area_2022..area_2026: area from meet participation (Athletic.net Area meets); area_2019: blank (no Athletic.net data)
kelseyville,Kelseyville,True,class-a,Kelseyville,953,,class-a,class-a,class-a,class-a,class-a,area_2022..area_2026: area from meet participation (Athletic.net Area meets); area_2019: blank (no Athletic.net data)
lick-wilmerding,Lick Wilmerding,True,class-a,Lick Wilmerding|Lick-Wilmerd|Lick-Wilmerding (Nc),896,,class-a,class-a,class-a,class-a,class-a,area_2022..area_2026: area from meet participation (Athletic.net Area meets); area_2019: blank (no Athletic.net data)
marin-academy,Marin Academy,True,class-a,Marin Academ|Marin Academy,29803,,class-a,class-a,class-a,class-a,class-a,area_2022..area_2026: area from meet participation (Athletic.net Area meets); area_2019: blank (no Athletic.net data)
mendocino,Mendocino,True,class-a,Mendocino,941,,,class-a,,class-a,class-a,area_2022..area_2026: area from meet participation (Athletic.net Area meets); area_2019: blank (no Athletic.net data)
middletown,Middletown,True,class-a,Middletown|Middletown (Nc),955,,class-a,class-a,class-a,class-a,class-a,area_2022..area_2026: area from meet participation (Athletic.net Area meets); area_2019: blank (no Athletic.net data)
oakland-military-institute,Oakland Military Institute,True,class-a,Oakland Mili|Oakland Military Institute,1042,,,,,,class-a,area_2022..area_2026: area from meet participation (Athletic.net Area meets); area_2019: blank (no Athletic.net data)
redwood-christian,Redwood Christian,True,class-a,Redwood Chri|Redwood Christian,1142,,,class-a,,class-a,class-a,area_2022..area_2026: area from meet participation (Athletic.net Area meets); area_2019: blank (no Athletic.net data)
san-domenico,San Domenico,True,class-a,San Domenico,898,,class-a,class-a,class-a,class-a,class-a,area_2022..area_2026: area from meet participation (Athletic.net Area meets); area_2019: blank (no Athletic.net data)
san-francisco-university,San Francisco University,True,class-a,San Francisc|San Francisco University|University-SF|University-SF (Nc),899,,class-a,class-a,class-a,class-a,class-a,area_2022..area_2026: area from meet participation (Athletic.net Area meets); area_2019: blank (no Athletic.net data)
sonoma-academy,Sonoma Academy,True,class-a,Sonoma Acade|Sonoma Academy|Sonoma Academy (Nc),950,,class-a,class-a,class-a,class-a,class-a,area_2022..area_2026: area from meet participation (Athletic.net Area meets); area_2019: blank (no Athletic.net data)
south-fork,South Fork,True,class-a,South Fork,972,,,class-a,,,class-a,area_2022..area_2026: area from meet participation (Athletic.net Area meets); area_2019: blank (no Athletic.net data)
st-helena,St Helena,True,class-a,St Helena|St. Helena|St. Helena (Nc),959,,class-a,class-a,class-a,class-a,class-a,area_2022..area_2026: area from meet participation (Athletic.net Area meets); area_2019: blank (no Athletic.net data)
st-joseph-notre-dame,St Joseph Notre Dame,True,class-a,St Joseph Notre Dame|St. Joseph Notre Dame (Nc),918,,class-a,class-a,class-a,class-a,class-a,area_2022..area_2026: area from meet participation (Athletic.net Area meets); area_2019: blank (no Athletic.net data)
st-bernard-academy,St. Bernard's Academy,True,class-a,St Bernard C|St. Bernard (Nc)|St. Bernard's Academy,974,,class-a,class-a,class-a,class-a,class-a,area_2022..area_2026: area from meet participation (Athletic.net Area meets); area_2019: blank (no Athletic.net data)
summerfield-waldorf-of-santa-rosa,Summerfield Waldorf of Santa Rosa,True,class-a,Summerfield|Summerfield Waldorf of Santa Rosa,1048,,,,class-a,class-a,class-a,area_2022..area_2026: area from meet participation (Athletic.net Area meets); area_2019: blank (no Athletic.net data)
technology,Technology,True,class-a,Technology|Technology (Nc),1039,,class-a,class-a,class-a,class-a,class-a,area_2022..area_2026: area from meet participation (Athletic.net Area meets); area_2019: blank (no Athletic.net data)
upper-lake,Upper Lake,True,class-a,Upper Lake,961,,class-a,class-a,class-a,class-a,class-a,area_2022..area_2026: area from meet participation (Athletic.net Area meets); area_2019: blank (no Athletic.net data)
urban-of-san-francisco,Urban of San Francisco,True,class-a,Urban of San Francisco|Urban-SF (Nc),902,,class-a,class-a,class-a,class-a,class-a,area_2022..area_2026: area from meet participation (Athletic.net Area meets); area_2019: blank (no Athletic.net data)
willits,Willits,True,class-a,Willits,956,,class-a,,class-a,class-a,class-a,area_2022..area_2026: area from meet participation (Athletic.net Area meets); area_2019: blank (no Athletic.net data)
alameda,Alameda,True,bay-shore,Alameda|Alameda (Nc),903,,bay-shore,bay-shore,bay-shore,bay-shore,bay-shore,area_2022..area_2026: area from meet participation (Athletic.net Area meets); area_2019: blank (no Athletic.net data)
albany,Albany,True,bay-shore,Albany|Albany (Nc),911,,bay-shore,bay-shore,bay-shore,bay-shore,bay-shore,area_2022..area_2026: area from meet participation (Athletic.net Area meets); area_2019: blank (no Athletic.net data)
american,American,True,bay-shore,American|American (Nc),930,,bay-shore,bay-shore,bay-shore,bay-shore,bay-shore,area_2022..area_2026: area from meet participation (Athletic.net Area meets); area_2019: blank (no Athletic.net data)
arroyo-nc,Arroyo (NC),True,bay-shore,Arroyo|Arroyo (NC)|Arroyo (Nc),923,,bay-shore,bay-shore,bay-shore,bay-shore,bay-shore,area_2022..area_2026: area from meet participation (Athletic.net Area meets); area_2019: blank (no Athletic.net data)
berkeley,Berkeley,True,bay-shore,Berkeley|Berkeley (Nc),904,,bay-shore,bay-shore,bay-shore,bay-shore,bay-shore,area_2022..area_2026: area from meet participation (Athletic.net Area meets); area_2019: blank (no Athletic.net data)
bishop-odowd,Bishop O'Dowd,True,bay-shore,Bishop O'Dow|Bishop O'Dowd|Bishop O'Dowd (Nc)|Bishop Odowd (Nc),921,,bay-shore,bay-shore,bay-shore,bay-shore,bay-shore,area_2022..area_2026: area from meet participation (Athletic.net Area meets); area_2019: blank (no Athletic.net data)
castro-valley,Castro Valley,True,bay-shore,Castro Valle|Castro Valley|Castro Valley (Nc),922,,bay-shore,bay-shore,bay-shore,bay-shore,bay-shore,area_2022..area_2026: area from meet participation (Athletic.net Area meets); area_2019: blank (no Athletic.net data)
de-anza,De Anza,True,bay-shore,De Anza|De Anza (Nc)|DeAnza,905,,bay-shore,bay-shore,,bay-shore,bay-shore,area_2022..area_2026: area from meet participation (Athletic.net Area meets); area_2019: blank (no Athletic.net data)
el-cerrito,El Cerrito,True,bay-shore,El Cerrito|El Cerrito (Nc),906,,bay-shore,bay-shore,bay-shore,bay-shore,bay-shore,area_2022..area_2026: area from meet participation (Athletic.net Area meets); area_2019: blank (no Athletic.net data)
encinal,Encinal,True,bay-shore,Encinal|Encinal (Nc),907,,bay-shore,bay-shore,bay-shore,bay-shore,bay-shore,area_2022..area_2026: area from meet participation (Athletic.net Area meets); area_2019: blank (no Athletic.net data)
hayward,Hayward,True,bay-shore,Hayward|Hayward (Nc),924,,bay-shore,bay-shore,bay-shore,bay-shore,bay-shore,area_2022..area_2026: area from meet participation (Athletic.net Area meets); area_2019: blank (no Athletic.net data)
hercules,Hercules,True,bay-shore,Hercules,908,,,bay-shore,bay-shore,bay-shore,bay-shore,area_2022..area_2026: area from meet participation (Athletic.net Area meets); area_2019: blank (no Athletic.net data)
irvington,Irvington,True,bay-shore,Irvington|Irvington (N|Irvington (Nc),932,,bay-shore,bay-shore,bay-shore,bay-shore,bay-shore,area_2022..area_2026: area from meet participation (Athletic.net Area meets); area_2019: blank (no Athletic.net data)
james-logan,James Logan,True,bay-shore,James Logan|James Logan (Nc),933,,bay-shore,bay-shore,bay-shore,bay-shore,bay-shore,area_2022..area_2026: area from meet participation (Athletic.net Area meets); area_2019: blank (no Athletic.net data)
jesse-bethel,Jesse Bethel,True,bay-shore,Jesse Bethel|Jesse Bethel (Nc),812,,bay-shore,bay-shore,bay-shore,bay-shore,bay-shore,area_2022..area_2026: area from meet participation (Athletic.net Area meets); area_2019: blank (no Athletic.net data)
john-f-kennedy-fremont,John F. Kennedy (Fremont),True,bay-shore,Jfk(Frem)|John F. Kennedy (Fremont)|Kennedy-Fremont,934,,bay-shore,bay-shore,bay-shore,bay-shore,bay-shore,area_2022..area_2026: area from meet participation (Athletic.net Area meets); area_2019: blank (no Athletic.net data)
john-f-kennedy-richmond,John F. Kennedy (Richmond),True,bay-shore,John F. Kennedy (Richmond),913,,bay-shore,bay-shore,bay-shore,bay-shore,bay-shore,area_2022..area_2026: area from meet participation (Athletic.net Area meets); area_2019: blank (no Athletic.net data)
mission-san-jose,Mission San Jose,True,bay-shore,Mission San|Mission San Jose|Mission San Jose (Nc),937,,bay-shore,bay-shore,bay-shore,bay-shore,bay-shore,area_2022..area_2026: area from meet participation (Athletic.net Area meets); area_2019: blank (no Athletic.net data)
moreau-catholic,Moreau Catholic,True,bay-shore,Moreau Catho|Moreau Catholic|Moreau Catholic (Nc),925,,bay-shore,bay-shore,bay-shore,bay-shore,bay-shore,area_2022..area_2026: area from meet participation (Athletic.net Area meets); area_2019: blank (no Athletic.net data)
mt-eden,Mt Eden,True,bay-shore,Mt Eden,926,,bay-shore,bay-shore,,,bay-shore,area_2022..area_2026: area from meet participation (Athletic.net Area meets); area_2019: blank (no Athletic.net data)
newark-memorial,Newark Memorial,True,bay-shore,Newark Memor|Newark Memorial|Newark Memorial (Nc),931,,bay-shore,bay-shore,bay-shore,bay-shore,bay-shore,area_2022..area_2026: area from meet participation (Athletic.net Area meets); area_2019: blank (no Athletic.net data)
piedmont,Piedmont,True,bay-shore,Piedmont|Piedmont (Nc),915,,bay-shore,bay-shore,bay-shore,bay-shore,bay-shore,area_2022..area_2026: area from meet participation (Athletic.net Area meets); area_2019: blank (no Athletic.net data)
pinole-valley,Pinole Valley,True,bay-shore,Pinole|Pinole Valle|Pinole Valley,909,,bay-shore,bay-shore,bay-shore,bay-shore,bay-shore,area_2022..area_2026: area from meet participation (Athletic.net Area meets); area_2019: blank (no Athletic.net data)
richmond,Richmond,True,bay-shore,Richmond,910,,,,,,bay-shore,area_2022..area_2026: area from meet participation (Athletic.net Area meets); area_2019: blank (no Athletic.net data)
salesian-college-preparatory,Salesian College Preparatory,True,bay-shore,Salesian|Salesian (Nc)|Salesian Col|Salesian College Preparatory,916,,bay-shore,bay-shore,bay-shore,bay-shore,bay-shore,area_2022..area_2026: area from meet participation (Athletic.net Area meets); area_2019: blank (no Athletic.net data)
san-leandro,San Leandro,True,bay-shore,San Leandro|San Leandro (Nc),927,,bay-shore,bay-shore,bay-shore,bay-shore,bay-shore,area_2022..area_2026: area from meet participation (Athletic.net Area meets); area_2019: blank (no Athletic.net data)
san-lorenzo,San Lorenzo,True,bay-shore,San Lorenzo,928,,bay-shore,bay-shore,bay-shore,bay-shore,bay-shore,area_2022..area_2026: area from meet participation (Athletic.net Area meets); area_2019: blank (no Athletic.net data)
st-mary-college,St Mary's College,True,bay-shore,Saint Mary's College|St Mary's Co|St Mary's College|St. Mary's,919,,bay-shore,bay-shore,bay-shore,bay-shore,bay-shore,area_2022..area_2026: area from meet participation (Athletic.net Area meets); area_2019: blank (no Athletic.net data)
st-patrick-st-vincent,St Patrick/St Vincent,True,bay-shore,St Patrick/St Vincent,920,,bay-shore,bay-shore,bay-shore,bay-shore,bay-shore,area_2022..area_2026: area from meet participation (Athletic.net Area meets); area_2019: blank (no Athletic.net data)
vallejo,Vallejo,True,bay-shore,Vallejo|Vallejo (Nc),816,,bay-shore,bay-shore,bay-shore,bay-shore,bay-shore,area_2022..area_2026: area from meet participation (Athletic.net Area meets); area_2019: blank (no Athletic.net data)
washington,Washington,True,bay-shore,Washington|Washington (|Washington (Nc),938,,bay-shore,bay-shore,bay-shore,bay-shore,bay-shore,area_2022..area_2026: area from meet participation (Athletic.net Area meets); area_2019: blank (no Athletic.net data)
pacific-union-college-preparatory,Pacific Union College Prep,False,,Pacific Union College Prep,1044,,,class-a,,,,area_2022..area_2026: area from meet participation (Athletic.net Area meets); area_2019: blank (no Athletic.net data)
high-tech-high-nc,High Tech High NC,False,,High Tech High NC|Tech HS,22887,,,,,,,area_2022..area_2026: area from meet participation (Athletic.net Area meets); area_2019: blank (no Athletic.net data)
making-waves-academy,Making Waves Academy,False,,Making Waves Academy,46334,,,class-a,class-a,class-a,,area_2022..area_2026: area from meet participation (Athletic.net Area meets); area_2019: blank (no Athletic.net data)
grace-christian-academy,Grace Christian Academy,False,,Grace Christian Academy,79202,,,class-a,,class-a,,area_2022..area_2026: area from meet participation (Athletic.net Area meets); area_2019: blank (no Athletic.net data)
willits-charter,Willits Charter,False,,Willits Charter,85431,,,class-a,,,,area_2022..area_2026: area from meet participation (Athletic.net Area meets); area_2019: blank (no Athletic.net data)
cornerstone-christian,Cornerstone Christian,False,,Cornerstone Christian,887,,class-a,,,,,area_2022..area_2026: area from meet participation (Athletic.net Area meets); area_2019: blank (no Athletic.net data)
gateway,Gateway,False,,Gateway,893,,,,,class-a,,area_2022..area_2026: area from meet participation (Athletic.net Area meets); area_2019: blank (no Athletic.net data)
san-francisco-waldorf,San Francisco Waldorf,False,,San Francisco Waldorf,900,,class-a,class-a,,,,area_2022..area_2026: area from meet participation (Athletic.net Area meets); area_2019: blank (no Athletic.net data)
john-swett,John Swett,False,,John Swett,914,,bay-shore,,,,,area_2022..area_2026: area from meet participation (Athletic.net Area meets); area_2019: blank (no Athletic.net data)
tennyson,Tennyson,False,,Tennyson,929,,bay-shore,bay-shore,bay-shore,bay-shore,,area_2022..area_2026: area from meet participation (Athletic.net Area meets); area_2019: blank (no Athletic.net data)
roseland-university-preparatory,Roseland University Prep,False,,Roseland Uni|Roseland University Prep,948,,class-a,,,,,area_2022..area_2026: area from meet participation (Athletic.net Area meets); area_2019: blank (no Athletic.net data)
northcoast-preparatory,Northcoast Preparatory,False,,Northcoast Preparatory,971,,class-a,,,,,area_2022..area_2026: area from meet participation (Athletic.net Area meets); area_2019: blank (no Athletic.net data)
southern-trinity,Southern Trinity,False,,Southern Tri|Southern Trinity,973,,class-a,class-a,class-a,,,area_2022..area_2026: area from meet participation (Athletic.net Area meets); area_2019: blank (no Athletic.net data)
elsie-allen,Elsie Allen,False,,Elsie Allen,987,,,redwood-empire,,,,area_2022..area_2026: area from meet participation (Athletic.net Area meets); area_2019: blank (no Athletic.net data)
