path,source,meet_key,bytes,sha256,original_name,source_url,fetched_at,verified,notes
data/raw/athleticnet/2022_bay-shore_474200.csv,athleticnet,2022-area-bay-shore,151340,9654144392f5fd51b29bb0773c33a080167129881a8579393d11e9768029bf99,athleticnet_2022_474200.csv,https://www.athletic.net/TrackAndField/meet/474200/results,2026-09-29 20:04 (file mtime),"Athletic.net results data (GetResultsData3); 400/800 rows cross-checked, docs/checks/relay_splits.md",
data/raw/athleticnet/2022_class-a_461071.csv,athleticnet,2022-area-class-a,90589,6449900b63062f55f730fa1a7d4cd25d500981589058b2f40952b66dc4168125,athleticnet_2022_461071.csv,https://www.athletic.net/TrackAndField/meet/461071/results,2026-09-29 20:07 (file mtime),"Athletic.net results data (GetResultsData3); 400/800 rows cross-checked, docs/checks/relay_splits.md",
data/raw/athleticnet/2022_moc_441243.csv,athleticnet,2022-moc,238339,5bbe194a2308ffbccba2261d3bf44a18f1376201f236e7b099989b95133e7af2,athleticnet_2022_441243.csv,https://www.athletic.net/TrackAndField/meet/441243/results,2026-09-29 19:57 (file mtime),"Athletic.net results data (GetResultsData3); 400/800 rows cross-checked, docs/checks/relay_splits.md",
data/raw/athleticnet/2022_redwood-empire_473068.csv,athleticnet,2022-area-redwood-empire,183914,c631d6bc3e917b4b47eeb143fe5fa34edc8096419609a5118c9d7decffe393aa,athleticnet_2022_473068.csv,https://www.athletic.net/TrackAndField/meet/473068/results,2026-09-29 20:02 (file mtime),"Athletic.net results data (GetResultsData3); 400/800 rows cross-checked, docs/checks/relay_splits.md",
data/raw/athleticnet/2022_tri-valley_450821.csv,athleticnet,2022-area-tri-valley,171990,18ce4b42c9e17af124eae8b71fd5466c1f43540cc28fdde0417ebe5f0793419c,athleticnet_2022_450821.csv,https://www.athletic.net/TrackAndField/meet/450821/results,2026-09-29 19:59 (file mtime),"Athletic.net results data (GetResultsData3); 400/800 rows cross-checked, docs/checks/relay_splits.md",
data/raw/athleticnet/2023_bay-shore_484664.csv,athleticnet,2023-area-bay-shore,150466,e742b3149d79c7294a004c5bbfc6ef9e8daa2d758af9289b82357eae26d75c6e,athleticnet_2023_484664.csv,https://www.athletic.net/TrackAndField/meet/484664/results,2026-09-29 19:51 (file mtime),"Athletic.net results data (GetResultsData3); 400/800 rows cross-checked, docs/checks/relay_splits.md",
data/raw/athleticnet/2023_class-a_511553.csv,athleticnet,2023-area-class-a,108317,635954bce02eac8396f4a5b2ced1ab9d0fa021f9159edec05f5132a1dfb43d2b,athleticnet_2023_511553.csv,https://www.athletic.net/TrackAndField/meet/511553/results,2026-09-29 19:54 (file mtime),"Athletic.net results data (GetResultsData3); 400/800 rows cross-checked, docs/checks/relay_splits.md",
data/raw/athleticnet/2023_moc_483067.csv,athleticnet,2023-moc,250547,fbcb24efe39a7e4eba67374759c1690967283d557c8c6f90639092899fb097d2,athleticnet_2023_483067.csv,https://www.athletic.net/TrackAndField/meet/483067/results,2026-09-29 19:43 (file mtime),"Athletic.net results data (GetResultsData3); 400/800 rows cross-checked, docs/checks/relay_splits.md",
data/raw/athleticnet/2023_redwood-empire_513511.csv,athleticnet,2023-area-redwood-empire,199413,97ea75eba77a705429ec3ee64d79c2e057eeb89b2229c7312ba13d6d95b4741c,athleticnet_2023_513511.csv,https://www.athletic.net/TrackAndField/meet/513511/results,2026-09-29 19:49 (file mtime),"Athletic.net results data (GetResultsData3); 400/800 rows cross-checked, docs/checks/relay_splits.md",
data/raw/athleticnet/2023_tri-valley_483066.csv,athleticnet,2023-area-tri-valley,189210,e778bd4cb0f985bbede05aadf5128201069eac4dfa100baf14074404593bea2a,athleticnet_2023_483066.csv,https://www.athletic.net/TrackAndField/meet/483066/results,2026-09-29 19:46 (file mtime),"Athletic.net results data (GetResultsData3); 400/800 rows cross-checked, docs/checks/relay_splits.md",
data/raw/athleticnet/2024_bay-shore_520989.csv,athleticnet,2024-area-bay-shore,166939,1f7af2df40d80729b2fb9b009733a667ac1a6a1d7a0b6108cfd8954058575270,athleticnet_2024_520989.csv,https://www.athletic.net/TrackAndField/meet/520989/results,2026-09-29 19:37 (file mtime),"Athletic.net results data (GetResultsData3); 400/800 rows cross-checked, docs/checks/relay_splits.md",
data/raw/athleticnet/2024_class-a_547955.csv,athleticnet,2024-area-class-a,120114,794f6c6299a81160815349dad44ce37b81f280972c1d864cbee5d422ff2d9dca,athleticnet_2024_547955.csv,https://www.athletic.net/TrackAndField/meet/547955/results,2026-09-29 19:40 (file mtime),"Athletic.net results data (GetResultsData3); 400/800 rows cross-checked, docs/checks/relay_splits.md",
data/raw/athleticnet/2024_moc_520990.csv,athleticnet,2024-moc,252940,ae9b2be49d2c5ccfe3f7d786cb5635a7bae8f686a321c1a374de043dda62c4d7,athleticnet_2024_520990.csv,https://www.athletic.net/TrackAndField/meet/520990/results,2026-09-29 19:29 (file mtime),"Athletic.net results data (GetResultsData3); 400/800 rows cross-checked, docs/checks/relay_splits.md",
data/raw/athleticnet/2024_redwood-empire_535877.csv,athleticnet,2024-area-redwood-empire,184416,79c4ad2565ad290696d084d5a3c6b38625269b6911509e0a222efe0bb7352ac1,athleticnet_2024_535877.csv,https://www.athletic.net/TrackAndField/meet/535877/results,2026-09-29 19:35 (file mtime),"Athletic.net results data (GetResultsData3); 400/800 rows cross-checked, docs/checks/relay_splits.md",
data/raw/athleticnet/2024_tri-valley_523900.csv,athleticnet,2024-area-tri-valley,197944,4ec0a5c5029d4ec2550381c6896a8126c8c01a3de2b182958d762f0ff0ace7af,athleticnet_2024_523900.csv,https://www.athletic.net/TrackAndField/meet/523900/results,2026-09-29 19:32 (file mtime),"Athletic.net results data (GetResultsData3); 400/800 rows cross-checked, docs/checks/relay_splits.md",
data/raw/athleticnet/2025_bay-shore_579307.csv,athleticnet,2025-area-bay-shore,154365,1e4db931366c3241519699ad48e38123b4471ea4158744ac897423a879fa7d31,athleticnet_2025_579307.csv,https://www.athletic.net/TrackAndField/meet/579307/results,2026-09-29 19:24 (file mtime),"Athletic.net results data (GetResultsData3); 400/800 rows cross-checked, docs/checks/relay_splits.md",
data/raw/athleticnet/2025_class-a_571013.csv,athleticnet,2025-area-class-a,139027,91847f5dfec3321c95eb10199da997cc49c0bd08e423f9f5f88d5d49d4fc1900,athleticnet_2025_571013.csv,https://www.athletic.net/TrackAndField/meet/571013/results,2026-09-29 19:26 (file mtime),"Athletic.net results data (GetResultsData3); 400/800 rows cross-checked, docs/checks/relay_splits.md",
data/raw/athleticnet/2025_moc_571014.csv,athleticnet,2025-moc,245809,0dc26a033f05bf713d5c1cff34fa1ae7bb235a149fe7fa3b378fccd7129970d2,athleticnet_2025_571014.csv,https://www.athletic.net/TrackAndField/meet/571014/results,2026-09-29 19:15 (file mtime),"Athletic.net results data (GetResultsData3); 400/800 rows cross-checked, docs/checks/relay_splits.md",
data/raw/athleticnet/2025_redwood-empire_572069.csv,athleticnet,2025-area-redwood-empire,156835,32a6537578c15ca5d48627154c535b4f186763ab7bba33644fe29ec934f8dc1d,athleticnet_2025_572069.csv,https://www.athletic.net/TrackAndField/meet/572069/results,2026-09-29 19:21 (file mtime),"Athletic.net results data (GetResultsData3); 400/800 rows cross-checked, docs/checks/relay_splits.md",
data/raw/athleticnet/2025_tri-valley_574662.csv,athleticnet,2025-area-tri-valley,189579,2ac8a794b5dd8338babad7d3fcb2a1dedffe5d6ee50ce4058793dc46ce921ebd,athleticnet_2025_574662.csv,https://www.athletic.net/TrackAndField/meet/574662/results,2026-09-29 19:18 (file mtime),"Athletic.net results data (GetResultsData3); 400/800 rows cross-checked, docs/checks/relay_splits.md",
data/raw/athleticnet/2026_bay-shore_633811.csv,athleticnet,2026-area-bay-shore,171189,5e52d5c0b2480901fa04bfd280c16b464c5ca0534fe9e6fedd9d1de865ad8bc7,athleticnet_2026_633811.csv,https://www.athletic.net/TrackAndField/meet/633811/results,2026-09-29 11:56 (file mtime),"Athletic.net results data (GetResultsData3); 400/800 rows cross-checked, docs/checks/relay_splits.md",
data/raw/athleticnet/2026_class-a_633810.csv,athleticnet,2026-area-class-a,131455,54d001d4e7d4b60bcb8ee511a425937dbeed9e049659714186c5e7603ddbff0f,athleticnet_2026_633810.csv,https://www.athletic.net/TrackAndField/meet/633810/results,2026-09-29 11:59 (file mtime),"Athletic.net results data (GetResultsData3); 400/800 rows cross-checked, docs/checks/relay_splits.md",
data/raw/athleticnet/2026_moc_629241.csv,athleticnet,2026-moc,262070,acbe116d43f124c476cb1ac822c370472717b70c5a3b3088d8c72e3e29268c7c,athleticnet_2026_629241.csv,https://www.athletic.net/TrackAndField/meet/629241/results,2026-09-29 11:47 (file mtime),"Athletic.net results data (GetResultsData3); 400/800 rows cross-checked, docs/checks/relay_splits.md","4 copies were downloaded; this is the full one with (Unified)/(Relay Split) labels. The others: header-only, truncated (388 lines), older labels."
data/raw/athleticnet/2026_redwood-empire_633812.csv,athleticnet,2026-area-redwood-empire,191873,c6cb89f1b418cd8b1c4fd50aa80b09ac82bfd2f803fd5a580dc0efe868510713,athleticnet_2026_633812.csv,https://www.athletic.net/TrackAndField/meet/633812/results,2026-09-29 11:53 (file mtime),"Athletic.net results data (GetResultsData3); 400/800 rows cross-checked, docs/checks/relay_splits.md",
data/raw/athleticnet/2026_tri-valley_629245.csv,athleticnet,2026-area-tri-valley,201075,72afc3574746f0655cab73756398252fc0152e0904fdcb92b018ebb181d2e790,athleticnet_2026_629245.csv,https://www.athletic.net/TrackAndField/meet/629245/results,2026-09-29 11:50 (file mtime),"Athletic.net results data (GetResultsData3); 400/800 rows cross-checked, docs/checks/relay_splits.md",
data/raw/hytek/2019-area-tri-valley.htm,hytek,2019-area-tri-valley,94817,d20ef707ba5c118da1b697f91588ef4edf70f8c4691addc74ea4915ab4f01543,2019_NCS_Tri_Valley_Area_Championships_results.htm,https://diablotiming.com/results/2019-05-11/results.htm,before 2026-08-10 (pre-repo; file mtime),UNVERIFIED: live results.htm returns 404 (2026-09-29),Per-event pages 190511F0NN.html still online; could be cross-checked.
data/raw/hytek/2019-moc.htm,hytek,2019-moc,136560,e2a6b3ed427599a73a17a192b992169438c8e058e916027689fb68a1bd336355,2019_NCS_Meet_of_Champions_results.htm,https://diablotiming.com/results/2019-05-17/results.htm,before 2026-08-10 (pre-repo; file mtime),identical to live page 2026-09-29,
data/raw/hytek/2022-area-tri-valley.htm,hytek,2022-area-tri-valley,90748,0ac4bee0a9fa643ca4cd791b70b9656aba1c045c531e29f1097075d1a9486a7d,2022_NCS_Tri_Valley_Area_Championships_results.htm,https://diablotiming.com/results/2022-05-14/results.htm,before 2026-08-10 (pre-repo; file mtime),identical to live page 2026-09-29,
data/raw/hytek/2022-moc.htm,hytek,2022-moc,131062,f3369d3da6c52dbc50c0bc8481a078eaa6d8fced03cdaddb6bb3f2552728a7a8,2022_NCS_Meet_of_Champions_results.htm,https://diablotiming.com/results/2022-05-20/results.htm,before 2026-08-10 (pre-repo; file mtime),identical to live page 2026-09-29,
data/raw/hytek/2023-area-tri-valley.htm,hytek,2023-area-tri-valley,92091,2368c4fa2e53e0ae000ed375be3cfe3edd4becb40207e890ee58161f116e6cae,2023_NCS_Tri_Valley_Area_Championships_results.htm,https://diablotiming.com/results/2023-05-13/results.htm,before 2026-08-10 (pre-repo; file mtime),identical to live page 2026-09-29,
data/raw/hytek/2023-moc.htm,hytek,2023-moc,97808,cba1e3856cdcdb1d0b5fa69718f2a963048baf01066762d603fda5b6fc58d92f,2023_NCS_Meet_of_Champions_results.htm,https://diablotiming.com/results/2023-05-19/results.htm,before 2026-08-10 (pre-repo; file mtime),identical to live page 2026-09-29,
data/raw/hytek/2024-area-bay-shore.htm,hytek,2024-area-bay-shore,75676,cdb2774904e04bbecaf60042ee39ea464f0fc49cb2dde183df01698f3d621672,,https://diablotiming.com/results/391/results.htm,2026-09-29,downloaded 2026-09-29,
data/raw/hytek/2024-area-tri-valley.htm,hytek,2024-area-tri-valley,103657,c8d4b10406dd32151ec86fd0bc98d30580d4b2402b85d0207c850bf1face3d2d,2024_NCS_Tri_Valley_Area_Championships_results.htm,https://diablotiming.com/results/384/results.htm,before 2026-08-10 (pre-repo; file mtime),identical to live page 2026-09-29,
data/raw/hytek/2024-moc.htm,hytek,2024-moc,137913,eb98d770195bd7a8ae05da259400adefaddeb6ddc867d835a6cec853bdfb3e82,2024_NCS_Meet_of_Champions_results.htm,https://diablotiming.com/results/2024-05-17/results.htm,before 2026-08-10 (pre-repo; file mtime),identical to live page 2026-09-29,
data/raw/hytek/2025-area-tri-valley.htm,hytek,2025-area-tri-valley,85843,c794bdde73a8e52309451af3b9b6c4830396af8b49e2d9375330cdb94463921c,,https://diablotiming.com/results/2025-05-17/results.htm,2026-09-29T18:36:12Z,downloaded 2026-09-29,Compiled Hy-Tek results; replaces the index-only local copy.
data/raw/hytek/2025-area-tri-valley.index.html,hytek,2025-area-tri-valley,13846,09c7a0227050e592e9500ee17fdad80a1c8f4fd43697d25a8cf0748362e9228f,2025_NCS_Tri_Valley_Area_Championships_results.html,https://diablotiming.com/results/2025-05-17/,before 2026-08-10 (pre-repo),identical to live page 2026-09-29,Meet index page only; contains NO results. Kept as received.
data/raw/hytek/2025-moc.htm,hytek,2025-moc,138315,4142c7b72b23870683d916f4ecf9a56ede72af0e5141c2989552aa38c769f8d0,2025_NCS_Meet_of_Champions_results.htm,https://diablotiming.com/results/2025-05-23/results.htm,before 2026-08-10 (pre-repo; file mtime),identical to live page 2026-09-29,
data/raw/hytek/2026-area-tri-valley.htm,hytek,2026-area-tri-valley,95425,2cdbffcb173bc52eb5c098d78d452b6911a07c72af82a37a13340d701891fd76,2026_NCS_Tri_Valley_Area_Championships_results.htm,https://diablotiming.com/results/2026-05-16/results.htm,before 2026-08-10 (pre-repo; file mtime),identical to live page 2026-09-29,
data/raw/hytek/2026-moc.htm,hytek,2026-moc,114713,a84752da722f98712a4728dbb8ae8fecce2f02f6eec156cdd3df00304479f937,2026_NCS_Meet_of_Champions_results.htm,https://diablotiming.com/results/2026-05-22/results.htm,before 2026-08-10 (pre-repo; file mtime),identical to live page 2026-09-29,
data/reference/entries/2022-area-tri-valley.field_program.pdf,entries,2022-area-tri-valley,86973,b880273ce3d69bc9f89ac96a4a62b5289e780e44a4a4793e5f0268a18902e50a,,https://diablotiming.com/results/2022-05-14/field_program.pdf,2026-09-29,downloaded 2026-09-29,
data/reference/entries/2022-area-tri-valley.track_program.pdf,entries,2022-area-tri-valley,106319,4d23edce22f3dd714a2e813bcb7f4a16108c43ca97a8ff8e2edb268787dd5c74,,https://diablotiming.com/results/2022-05-14/track_program.pdf,2026-09-29,downloaded 2026-09-29,
data/reference/entries/2022-moc.day1_program.pdf,entries,2022-moc,118675,0640a47e3069b178a09bf62cd0a2812bfb4e603b56852b354e6546666281e331,,https://diablotiming.com/results/2022-05-20/day_1_program.pdf,2026-09-29,downloaded 2026-09-29,
data/reference/entries/2022-moc.day2_program.pdf,entries,2022-moc,97174,7c6fb07c1dcc92e1b4fe213cddeee1266960a80a0eeb3a8764f526f3ee8b8764,,https://diablotiming.com/results/2022-05-20/day_2_program.pdf,2026-09-29,downloaded 2026-09-29,
data/reference/entries/2023-area-tri-valley.field_program.pdf,entries,2023-area-tri-valley,89152,12eb1eafb0659b590815193aabd143db1cb56b09cc7006ee256bb3c3b40c40a6,,https://diablotiming.com/results/2023-05-13/field_program.pdf,2026-09-29,downloaded 2026-09-29,
data/reference/entries/2023-area-tri-valley.track_program.pdf,entries,2023-area-tri-valley,116073,dae05808801359ec5d7b778f52b01c6b5e020d50044e8443c62ac48515fdfb41,,https://diablotiming.com/results/2023-05-13/track_program.pdf,2026-09-29,downloaded 2026-09-29,
data/reference/entries/2023-moc.day1_program.pdf,entries,2023-moc,123472,5e6bcac26c47e2c2a84cc4087303b0f087184bce7da6bcd3b2e3c3a521429c9b,,https://diablotiming.com/results/2023-05-19/day_1_program.pdf,2026-09-29,downloaded 2026-09-29,
data/reference/entries/2023-moc.day2_program.pdf,entries,2023-moc,174830,4fba9d2e555aeca1aff5e7006056ebbf81f8aa66c630207d861f1ebab7ef2ac0,,https://diablotiming.com/results/2023-05-19/day_2_program.pdf,2026-09-29,downloaded 2026-09-29,
data/reference/entries/2024-area-tri-valley.field_program.pdf,entries,2024-area-tri-valley,89114,fc5da9c570b8ffa123aa6759e99312715bcb327b9c681f65ad003c7a270b6f4f,,https://diablotiming.com/results/384/field_program.pdf,2026-09-29,downloaded 2026-09-29,
data/reference/entries/2024-area-tri-valley.track_program.pdf,entries,2024-area-tri-valley,118656,b8d310c72e3f2fb1a7901cbebcd74ad8e7570daa03d5e60f5dc379fbd9772ccb,,https://diablotiming.com/results/384/track_program.pdf,2026-09-29,downloaded 2026-09-29,
data/reference/entries/2024-moc.day1_program.pdf,entries,2024-moc,122790,f92c5e4a1ce8aa2d4dc70554c2ce6ceb6b8d281c9d7c519d1c87747db7e7c499,,https://diablotiming.com/results/2024-05-17/day_1_program.pdf,2026-09-29,downloaded 2026-09-29,
data/reference/entries/2024-moc.day2_program.pdf,entries,2024-moc,100887,31748d9304371d2af57825d7e88ae8f0dd636e54e4436adedf97be221eb70bb1,,https://diablotiming.com/results/2024-05-17/day_2_program.pdf,2026-09-29,downloaded 2026-09-29,
data/reference/entries/2025-area-tri-valley.entries_by_team.pdf,entries,2025-area-tri-valley,177912,093885dd76438635a233f942d781038448c52e199dda7db1cd6d4a97b14b36da,,https://diablotiming.com/results/2025-05-17/entries_by_team.pdf,2026-09-29,downloaded 2026-09-29,
data/reference/entries/2025-area-tri-valley.field_program.pdf,entries,2025-area-tri-valley,86655,7d5dbbaf5e282e66559ba3dc8b67c6d6d442d8400fc669ce72c56840776f3e11,,https://diablotiming.com/results/2025-05-17/field_program.pdf,2026-09-29,downloaded 2026-09-29,
data/reference/entries/2025-area-tri-valley.track_program.pdf,entries,2025-area-tri-valley,118247,835e3058af738b9263d7533060bec1ed2673b96252dc792180645bf15149c8ea,,https://diablotiming.com/results/2025-05-17/track_program.pdf,2026-09-29,downloaded 2026-09-29,
data/reference/entries/2025-moc.day1_program.pdf,entries,2025-moc,122073,550702327a47135abd49fde16979f16c28a16cdfdf4a48e3193d43666b0323f5,,https://diablotiming.com/results/2025-05-23/day_1_program.pdf,2026-09-29,downloaded 2026-09-29,
data/reference/entries/2025-moc.day2_program.pdf,entries,2025-moc,104080,408b047feeba0bbf4ab0c6a77a17d2100e55e21adb0f780bb1e117240fa98bdf,,https://diablotiming.com/results/2025-05-23/day_2_program.pdf,2026-09-29,downloaded 2026-09-29,
data/reference/entries/2026-area-tri-valley.field_program.pdf,entries,2026-area-tri-valley,87754,127e53a27fe4b7eacfcff190f6dd75b83b7ae9bcb3671fe7d8c7a38af6682b94,,https://diablotiming.com/results/2026-05-16/field_program.pdf,2026-09-29,downloaded 2026-09-29,
data/reference/entries/2026-area-tri-valley.track_program.pdf,entries,2026-area-tri-valley,118768,fa0cbcfc1e33642a2354153c5463acff73c2f47fab8ccee2eb8e3508a10405d9,,https://diablotiming.com/results/2026-05-16/track_program.pdf,2026-09-29,downloaded 2026-09-29,
data/reference/entries/2026-moc.day1_program.pdf,entries,2026-moc,123511,aec86b6c89693a4b5309224e11b69c073da07c234de48ad6c0cbf6bb556adc1e,,https://diablotiming.com/results/2026-05-22/day_1_program.pdf,2026-09-29,downloaded 2026-09-29,
data/reference/entries/2026-moc.day2_program.pdf,entries,2026-moc,105031,a4b3f44508d7d0a28986959187a6bc1d98f0062d58119c71a57daa169ee41745,,https://diablotiming.com/results/2026-05-22/day_2_program.pdf,2026-09-29,downloaded 2026-09-29,
